participant_id	session_id	atlas	hemisphere	structname	numvert	surfarea	grayvol	thickavg	thickstd	meancurv	gauscurv	foldind	curvind	index	segid	mean_wgpct	stddev_wgpct	min_wgpct	max_wgpct	range_wgpct	snr_wgpct
sub-20572	ses-2	Slab	lh	region00001	105	77	290	3.272	0.631	0.135	0.025	1	0.1	2	1	30.4583	9.5285	-16.9343	45.4862	62.4205	3.1965
sub-20572	ses-2	Slab	lh	region00002	121	74	301	2.861	0.744	0.119	0.054	3	0.2	3	2	17.1925	10.5864	-15.9766	31.9727	47.9493	1.6240
sub-20572	ses-2	Slab	lh	region00003	142	97	376	3.481	0.595	0.126	0.018	1	0.1	4	3	29.1312	4.7901	13.3352	35.6553	22.3202	6.0816
sub-20572	ses-2	Slab	lh	region00008	45	30	156	3.426	0.169	0.105	0.016	0	0.0	5	8	29.2361	5.4892	15.4204	36.3365	20.9161	5.3262
sub-20572	ses-2	Slab	lh	region00009	179	111	263	2.810	0.368	0.077	0.008	1	0.1	6	9	38.0905	3.1819	27.4160	44.7468	17.3308	11.9709
sub-20572	ses-2	Slab	lh	region00010	83	49	209	3.915	0.607	0.101	0.016	1	0.0	7	10	27.3656	7.3834	10.2198	42.9267	32.7070	3.7064
sub-20572	ses-2	Slab	lh	region00015	2	1	9	3.955	0.167	0.044	0.003	0	0.0	8	15	24.9945	8.1783	19.2116	30.7774	11.5658	3.0562
sub-20572	ses-2	Slab	lh	region00016	173	118	459	3.400	0.390	0.129	0.020	2	0.2	9	16	29.3687	6.1787	17.8839	39.0674	21.1835	4.7532
sub-20572	ses-2	Slab	lh	region00017	47	32	97	3.922	0.488	0.097	0.019	0	0.1	10	17	34.3167	3.6855	27.4007	41.1819	13.7812	9.3112
sub-20572	ses-2	Slab	lh	region00018	55	32	270	4.221	0.334	0.094	0.026	0	0.1	11	18	19.4115	5.1642	7.7184	27.0424	19.3239	3.7589
sub-20572	ses-2	Slab	lh	region00022	5	4	22	3.579	0.186	0.050	0.013	0	0.0	12	22	26.9664	3.5229	23.4478	32.8047	9.3569	7.6545
sub-20572	ses-2	Slab	lh	region00023	47	26	183	3.894	0.239	0.092	0.022	1	0.0	13	23	18.8238	7.9511	-4.6747	33.3956	38.0703	2.3674
sub-20572	ses-2	Slab	lh	region00029	179	108	478	3.066	0.436	0.099	0.021	2	0.2	14	29	33.8961	4.6533	17.2424	43.5481	26.3057	7.2843
sub-20572	ses-2	Slab	lh	region00030	16	9	31	2.892	0.213	0.072	0.021	0	0.0	15	30	29.4413	4.5876	20.6053	36.1305	15.5253	6.4176
sub-20572	ses-2	Slab	lh	region00034	225	139	593	3.319	0.415	0.121	0.021	3	0.2	16	34	33.7951	7.2530	15.3782	47.6742	32.2960	4.6594
sub-20572	ses-2	Slab	lh	region00035	164	122	447	2.950	0.553	0.138	0.024	3	0.1	17	35	28.6045	6.3026	15.7535	43.7214	27.9678	4.5385
sub-20572	ses-2	Slab	lh	region00036	66	57	223	3.419	0.763	0.139	0.034	1	0.1	18	36	22.7686	9.2687	-1.4601	37.2457	38.7059	2.4565
sub-20572	ses-2	Slab	lh	region00042	273	178	351	2.365	0.420	0.139	0.024	4	0.3	19	42	34.3744	4.1894	21.4859	44.1326	22.6467	8.2050
sub-20572	ses-2	Slab	lh	region00043	206	133	317	2.581	0.250	0.078	0.006	1	0.0	20	43	34.2615	3.5066	17.5360	39.8142	22.2782	9.7705
sub-20572	ses-2	Slab	lh	region00044	143	99	218	2.414	0.339	0.094	0.011	1	0.1	21	44	23.9024	4.3994	12.3197	32.6630	20.3433	5.4330
sub-20572	ses-2	Slab	lh	region00050	8	6	37	3.293	0.350	0.125	0.017	0	0.0	22	50	21.7435	8.2646	8.6687	34.1280	25.4592	2.6309
sub-20572	ses-2	Slab	lh	region00051	250	168	440	2.563	0.432	0.125	0.027	5	0.2	23	51	31.8876	8.8055	7.0153	43.3507	36.3354	3.6213
sub-20572	ses-2	Slab	lh	region00052	89	62	137	2.719	0.210	0.087	0.007	0	0.0	24	52	34.9960	3.0458	20.5425	41.2156	20.6731	11.4899
sub-20572	ses-2	Slab	lh	region00057	170	127	531	3.164	0.467	0.115	0.021	2	0.1	25	57	25.3849	8.0195	3.8644	37.9359	34.0715	3.1654
sub-20572	ses-2	Slab	lh	region00058	14	8	17	3.163	0.097	0.061	0.007	0	0.0	26	58	31.7807	3.5499	24.9705	36.1661	11.1956	8.9526
sub-20572	ses-2	Slab	lh	region00063	8	5	18	3.191	0.055	0.035	0.004	0	0.0	27	63	36.2895	1.6956	33.6142	39.3635	5.7493	21.4027
sub-20572	ses-2	Slab	lh	region00064	88	56	169	3.158	0.412	0.035	0.003	0	0.0	28	64	35.4503	2.8587	28.5531	42.0360	13.4828	12.4008
sub-20572	ses-2	Slab	lh	region00065	21	12	63	3.494	0.256	0.132	0.014	0	0.0	29	65	30.1324	6.7544	21.9340	41.0559	19.1219	4.4612
sub-20572	ses-2	Slab	lh	region00066	150	108	482	3.308	0.261	0.142	0.030	2	0.2	30	66	23.0345	7.2670	1.6377	34.6549	33.0172	3.1697
sub-20572	ses-2	Slab	lh	region00072	49	29	199	3.630	0.177	0.182	0.037	2	0.1	31	72	25.5019	3.9314	18.0633	33.6074	15.5441	6.4867
sub-20572	ses-2	Slab	lh	region00073	57	40	167	3.412	0.224	0.080	0.012	0	0.0	32	73	31.1302	4.3457	20.3692	43.4324	23.0632	7.1634
sub-20572	ses-2	Slab	lh	region00074	92	65	233	3.860	0.489	0.134	0.024	1	0.1	33	74	33.1398	6.4184	11.7626	47.2152	35.4526	5.1632
sub-20572	ses-2	Slab	lh	region00075	154	106	353	2.669	0.331	0.078	0.012	3	0.1	34	75	26.8145	9.3158	1.1255	40.7533	39.6278	2.8784
sub-20572	ses-2	Slab	lh	region00083	81	58	195	3.073	0.452	0.129	0.042	1	0.2	35	83	29.9991	8.6062	-1.9052	42.7402	44.6454	3.4857
sub-20572	ses-2	Slab	lh	region00084	142	117	266	2.154	0.361	0.097	0.010	2	0.1	36	84	29.9237	9.2076	4.8063	44.1601	39.3538	3.2499
sub-20572	ses-2	Slab	lh	region00089	11	9	25	3.088	0.300	0.111	0.022	0	0.0	37	89	38.6782	4.0226	29.2492	43.1651	13.9159	9.6153
sub-20572	ses-2	Slab	lh	region00090	178	127	293	2.131	0.472	0.134	0.021	3	0.2	38	90	27.2406	9.4233	0.1533	43.6315	43.4782	2.8908
sub-20572	ses-2	Slab	lh	region00093	20	14	23	1.806	0.164	0.059	0.007	0	0.0	39	93	29.1249	1.5686	26.1636	31.5272	5.3636	18.5670
sub-20572	ses-2	Slab	lh	region00094	256	162	387	2.124	0.462	0.145	0.026	4	0.3	40	94	20.7806	5.7719	-0.8448	35.7248	36.5697	3.6003
sub-20572	ses-2	Slab	lh	region00095	290	181	390	1.825	0.357	0.125	0.024	3	0.4	41	95	17.1469	5.5942	4.7468	29.9567	25.2099	3.0651
sub-20572	ses-2	Slab	lh	region00099	91	57	224	2.767	0.209	0.131	0.022	1	0.1	42	99	25.0356	5.0483	14.1952	36.1473	21.9521	4.9592
sub-20572	ses-2	Slab	lh	region00100	129	99	331	2.828	0.283	0.146	0.030	1	0.2	43	100	26.0765	5.3633	9.2079	35.1536	25.9457	4.8620
sub-20572	ses-2	Slab	lh	region00101	392	271	498	1.910	0.406	0.136	0.024	6	0.4	44	101	24.6514	5.8561	4.1131	34.5982	30.4851	4.2095
sub-20572	ses-2	Slab	lh	region00102	278	198	361	1.953	0.507	0.188	0.050	6	0.6	45	102	22.9148	6.5364	8.8818	38.0481	29.1663	3.5058
sub-20572	ses-2	Slab	lh	region00108	146	106	371	2.749	0.313	0.149	0.034	3	0.2	46	108	26.4642	5.9736	12.0213	38.6216	26.6003	4.4302
sub-20572	ses-2	Slab	lh	region00109	102	68	219	2.692	0.247	0.151	0.027	2	0.1	47	109	26.8619	5.6434	13.5001	37.7625	24.2624	4.7599
sub-20572	ses-2	Slab	lh	region00110	139	89	292	2.764	0.251	0.120	0.022	2	0.1	48	110	22.4532	5.8779	5.7406	33.4747	27.7341	3.8199
sub-20572	ses-2	Slab	lh	region00115	90	57	116	2.772	0.235	0.091	0.011	0	0.0	49	115	36.5304	2.2025	32.1408	43.2136	11.0728	16.5856
sub-20572	ses-2	Slab	lh	region00116	200	137	334	2.519	0.280	0.087	0.009	2	0.1	50	116	31.6004	7.3980	2.8081	43.8214	41.0133	4.2715
sub-20572	ses-2	Slab	lh	region00117	90	60	172	2.986	0.379	0.080	0.010	0	0.1	51	117	31.4998	3.0345	22.8590	37.2906	14.4316	10.3806
sub-20572	ses-2	Slab	lh	region00118	102	62	245	2.868	0.325	0.109	0.021	1	0.1	52	118	19.2940	7.2645	5.1099	33.0735	27.9635	2.6559
sub-20572	ses-2	Slab	lh	region00125	152	103	387	2.934	0.298	0.111	0.023	2	0.1	53	125	28.9999	7.5777	13.0663	40.9331	27.8668	3.8270
sub-20572	ses-2	Slab	lh	region00126	197	133	273	2.703	0.248	0.119	0.025	1	0.2	54	126	33.8010	5.3120	9.3301	40.2654	30.9353	6.3631
sub-20572	ses-2	Slab	lh	region00127	77	50	132	3.099	0.225	0.094	0.017	0	0.0	55	127	34.2375	1.8673	30.3794	38.1150	7.7355	18.3356
sub-20572	ses-2	Slab	lh	region00128	78	47	140	2.528	0.349	0.047	0.009	0	0.0	56	128	22.4466	6.3729	2.9887	34.9500	31.9613	3.5222
sub-20572	ses-2	Slab	lh	region00134	43	37	224	3.638	0.491	0.104	0.026	0	0.0	57	134	27.2987	5.0799	13.3959	40.5083	27.1124	5.3739
sub-20572	ses-2	Slab	lh	region00135	131	88	247	2.888	0.339	0.130	0.029	1	0.1	58	135	34.2762	3.5538	22.3486	41.8290	19.4804	9.6450
sub-20572	ses-2	Slab	lh	region00137	155	99	188	2.653	0.195	0.111	0.021	1	0.2	59	137	30.6413	6.9536	4.6432	40.3161	35.6729	4.4066
sub-20572	ses-2	Slab	lh	region00138	85	57	188	3.171	0.381	0.091	0.014	0	0.0	60	138	28.8165	3.9584	11.5380	34.5213	22.9834	7.2798
sub-20572	ses-2	Slab	lh	region00144	124	82	355	3.062	0.328	0.152	0.030	3	0.2	61	144	23.1759	6.8692	7.8530	37.3350	29.4820	3.3739
sub-20572	ses-2	Slab	lh	region00145	70	46	137	2.859	0.175	0.068	0.016	0	0.0	62	145	34.7712	6.1305	15.8088	41.7219	25.9131	5.6719
sub-20572	ses-2	Slab	lh	region00148	57	40	202	3.445	0.248	0.125	0.031	1	0.0	63	148	25.7206	7.3228	13.9063	40.8167	26.9104	3.5124
sub-20572	ses-2	Slab	lh	region00149	180	115	319	2.935	0.383	0.092	0.011	1	0.1	64	149	35.4116	3.7347	21.3316	42.8297	21.4981	9.4818
sub-20572	ses-2	Slab	lh	region00150	87	55	109	2.943	0.262	0.074	0.008	0	0.0	65	150	36.1836	2.9633	28.8126	41.2397	12.4270	12.2107
sub-20572	ses-2	Slab	lh	region00155	146	106	347	2.554	0.302	0.111	0.020	3	0.1	66	155	20.5661	8.9841	1.0640	35.7433	34.6793	2.2892
sub-20572	ses-2	Slab	lh	region00156	96	59	198	3.839	0.196	0.066	0.007	0	0.0	67	156	33.9346	2.4942	29.0796	38.9702	9.8906	13.6055
sub-20572	ses-2	Slab	lh	region00160	97	63	341	3.480	0.400	0.125	0.026	2	0.1	68	160	21.9175	6.1727	9.1972	37.3904	28.1932	3.5507
sub-20572	ses-2	Slab	lh	region00161	22	16	74	4.163	0.243	0.134	0.027	0	0.0	69	161	29.5779	11.1836	8.0716	41.1713	33.0998	2.6448
sub-20572	ses-2	Slab	lh	region00162	52	33	207	4.386	0.645	0.072	0.009	0	0.0	70	162	26.9707	3.3343	18.5502	33.3792	14.8290	8.0888
sub-20572	ses-2	Slab	lh	region00168	139	90	261	2.753	0.272	0.133	0.025	2	0.1	71	168	25.6062	4.3840	15.6066	36.9994	21.3928	5.8408
sub-20572	ses-2	Slab	lh	region00169	144	91	232	2.916	0.245	0.050	0.006	0	0.0	72	169	37.0384	2.7069	29.9187	42.7170	12.7983	13.6830
sub-20572	ses-2	Slab	lh	region00171	91	61	202	3.369	0.604	0.113	0.017	1	0.1	73	171	33.7077	5.0176	20.2275	40.8311	20.6036	6.7179
sub-20572	ses-2	Slab	lh	region00177	61	39	129	2.850	0.366	0.161	0.034	2	0.1	74	177	27.2471	12.8965	-11.2156	45.7619	56.9775	2.1128
sub-20572	ses-2	Slab	lh	region00178	156	103	175	2.351	0.262	0.101	0.011	1	0.1	75	178	36.0651	2.1294	30.7949	40.4699	9.6750	16.9364
sub-20572	ses-2	Slab	lh	region00179	52	40	93	2.662	0.157	0.116	0.016	0	0.0	76	179	30.9513	3.6187	18.0907	35.9578	17.8671	8.5531
sub-20572	ses-2	Slab	lh	region00180	187	129	365	2.604	0.364	0.123	0.015	3	0.1	77	180	31.3681	6.9637	13.4689	42.4563	28.9874	4.5045
sub-20572	ses-2	Slab	lh	region00186	147	107	334	3.050	0.352	0.136	0.034	2	0.2	78	186	32.5621	7.3301	7.9739	41.2928	33.3189	4.4422
sub-20572	ses-2	Slab	lh	region00187	135	99	369	3.064	0.400	0.150	0.031	2	0.2	79	187	29.1316	7.8018	11.8764	44.6709	32.7945	3.7340
sub-20572	ses-2	Slab	lh	region00188	80	52	121	3.210	0.140	0.081	0.025	0	0.1	80	188	41.4896	2.0340	36.5154	46.5091	9.9937	20.3983
sub-20572	ses-2	Slab	lh	region00189	117	81	228	2.645	0.374	0.091	0.018	1	0.1	81	189	33.5229	10.3692	1.3924	44.8869	43.4945	3.2329
sub-20572	ses-2	Slab	lh	region00195	102	84	296	3.213	0.320	0.171	0.030	2	0.2	82	195	33.0447	7.4774	15.1030	47.5278	32.4248	4.4193
sub-20572	ses-2	Slab	lh	region00196	114	95	316	2.953	0.409	0.135	0.029	2	0.1	83	196	31.5891	9.7323	-6.5544	42.4931	49.0475	3.2458
sub-20572	ses-2	Slab	lh	region00197	88	66	248	3.008	0.515	0.113	0.019	1	0.1	84	197	34.7315	6.6239	7.6639	42.2072	34.5433	5.2434
sub-20572	ses-2	Slab	lh	region00205	30	21	34	2.203	0.209	0.183	0.029	0	0.1	85	205	28.6007	2.0576	24.8836	33.1340	8.2504	13.8998
sub-20572	ses-2	Slab	lh	region00206	196	135	290	1.961	0.241	0.135	0.022	3	0.2	86	206	22.9161	6.3906	4.3814	35.5043	31.1229	3.5859
sub-20572	ses-2	Slab	lh	region00207	223	145	201	1.487	0.278	0.116	0.028	3	0.3	87	207	22.0413	6.3032	2.1845	31.8129	29.6283	3.4968
sub-20572	ses-2	Slab	lh	region00212	113	77	200	2.686	0.224	0.120	0.034	1	0.1	88	212	28.9108	4.9711	15.9784	37.6068	21.6285	5.8158
sub-20572	ses-2	Slab	lh	region00213	212	141	285	2.278	0.282	0.146	0.038	2	0.3	89	213	27.7168	5.7717	13.0906	38.5333	25.4428	4.8022
sub-20572	ses-2	Slab	lh	region00215	312	215	360	1.725	0.442	0.136	0.023	4	0.3	90	215	18.3904	8.0648	-3.2491	33.5826	36.8317	2.2803
sub-20572	ses-2	Slab	lh	region00221	291	194	450	2.476	0.256	0.109	0.017	2	0.2	91	221	32.9534	3.3069	23.3268	41.8517	18.5248	9.9652
sub-20572	ses-2	Slab	lh	region00223	98	60	90	2.022	0.183	0.126	0.021	1	0.1	92	223	20.8960	2.9692	13.5974	27.9242	14.3268	7.0376
sub-20572	ses-2	Slab	lh	region00224	205	138	316	2.125	0.639	0.136	0.024	2	0.3	93	224	22.4947	6.4737	6.6843	34.1390	27.4547	3.4748
sub-20572	ses-2	Slab	lh	region00231	189	160	595	2.762	0.478	0.147	0.032	6	0.3	94	231	25.1678	8.6016	-12.7231	39.8715	52.5947	2.9260
sub-20572	ses-2	Slab	lh	region00232	111	70	162	2.658	0.273	0.112	0.020	1	0.1	95	232	31.5738	6.5124	11.1647	39.5280	28.3634	4.8482
sub-20572	ses-2	Slab	lh	region00234	176	108	202	1.987	0.352	0.054	0.008	0	0.1	96	234	23.2651	6.0604	-13.9661	29.1075	43.0737	3.8389
sub-20572	ses-2	Slab	lh	region00235	181	129	341	2.305	0.607	0.145	0.028	2	0.2	97	235	18.2946	5.3846	6.3782	28.6122	22.2340	3.3976
sub-20572	ses-2	Slab	lh	region00242	50	39	163	2.894	0.357	0.139	0.039	1	0.0	98	242	19.7724	8.8097	1.3396	35.8525	34.5129	2.2444
sub-20572	ses-2	Slab	lh	region00243	67	50	141	2.670	0.232	0.142	0.026	1	0.1	99	243	31.5845	5.7770	19.6240	42.1600	22.5361	5.4673
sub-20572	ses-2	Slab	lh	region00245	128	87	191	2.771	0.354	0.090	0.012	1	0.0	100	245	28.7155	4.8452	15.3974	36.8008	21.4034	5.9266
sub-20572	ses-2	Slab	lh	region00251	1	1	3	3.088	0.000	0.251	0.000	0	0.0	101	251	25.1099	0.0000	25.1099	25.1099	0.0000	inf
sub-20572	ses-2	Slab	lh	region00252	207	129	416	3.045	0.322	0.081	0.007	1	0.1	102	252	37.3333	3.4719	29.8367	44.8307	14.9939	10.7530
sub-20572	ses-2	Slab	lh	region00253	24	16	29	2.523	0.102	0.131	0.027	0	0.0	103	253	34.7469	1.5145	31.4776	37.2219	5.7443	22.9428
sub-20572	ses-2	Slab	lh	region00257	78	42	193	3.098	0.298	0.095	0.016	1	0.0	104	257	26.5409	6.4518	14.1277	38.0416	23.9139	4.1137
sub-20572	ses-2	Slab	lh	region00258	89	54	150	2.860	0.147	0.037	0.003	0	0.0	105	258	34.7388	2.5387	25.1473	37.6346	12.4872	13.6838
sub-20572	ses-2	Slab	lh	region00259	34	23	45	2.633	0.272	0.164	0.015	0	0.0	106	259	29.5764	2.5533	24.8350	35.3130	10.4780	11.5836
sub-20572	ses-2	Slab	lh	region00263	65	40	165	2.810	0.215	0.101	0.018	1	0.1	107	263	24.6465	5.6081	12.5814	34.1897	21.6082	4.3948
sub-20572	ses-2	Slab	lh	region00264	74	47	161	3.386	0.349	0.056	0.013	0	0.0	108	264	30.0725	2.2879	23.4695	35.9144	12.4449	13.1441
sub-20572	ses-2	Slab	lh	region00265	119	78	209	2.795	0.401	0.082	0.012	1	0.0	109	265	26.3413	4.0033	11.8809	36.6757	24.7948	6.5800
sub-20572	ses-2	Slab	lh	region00270	152	102	390	3.031	0.337	0.125	0.023	2	0.2	110	270	25.0931	6.9738	8.1080	35.1359	27.0279	3.5982
sub-20572	ses-2	Slab	lh	region00271	111	79	322	3.245	0.350	0.162	0.025	3	0.1	111	271	23.9454	5.1605	14.3440	35.7721	21.4281	4.6402
sub-20572	ses-2	Slab	lh	region00275	100	63	290	3.265	0.343	0.137	0.026	2	0.1	112	275	26.6052	6.0005	15.7345	38.4777	22.7432	4.4338
sub-20572	ses-2	Slab	lh	region00276	101	68	296	3.527	0.231	0.090	0.010	0	0.1	113	276	32.3287	2.4858	26.0864	40.3372	14.2507	13.0055
sub-20572	ses-2	Slab	lh	region00279	3	2	9	3.068	0.200	0.081	0.007	0	0.0	114	279	30.6869	2.7321	28.4258	33.7226	5.2969	11.2320
sub-20572	ses-2	Slab	lh	region00280	83	55	174	2.727	0.402	0.112	0.024	1	0.1	115	280	32.0393	4.4816	18.3192	39.5874	21.2682	7.1491
sub-20572	ses-2	Slab	lh	region00281	151	100	291	3.312	0.296	0.088	0.012	1	0.1	116	281	33.2685	4.4678	18.6702	39.6399	20.9698	7.4463
sub-20572	ses-2	Slab	lh	region00285	84	44	231	3.069	0.197	0.174	0.029	2	0.1	117	285	25.3674	3.6478	17.2121	36.7340	19.5219	6.9542
sub-20572	ses-2	Slab	lh	region00286	43	28	79	2.666	0.339	0.050	0.013	0	0.0	118	286	36.5125	5.9293	14.4599	41.9442	27.4842	6.1580
sub-20572	ses-2	Slab	lh	region00287	15	10	33	3.108	0.240	0.071	0.006	0	0.0	119	287	35.1970	1.3495	32.7865	38.5954	5.8089	26.0819
sub-20572	ses-2	Slab	lh	region00288	71	56	249	3.472	0.537	0.126	0.022	1	0.1	120	288	30.2226	7.0315	10.8002	39.7023	28.9021	4.2982
sub-20572	ses-2	Slab	lh	region00294	145	94	228	2.400	0.399	0.107	0.023	1	0.2	121	294	34.1926	7.3233	5.4776	45.3737	39.8961	4.6690
sub-20572	ses-2	Slab	lh	region00297	252	190	703	3.030	0.361	0.156	0.031	6	0.3	122	297	30.5385	7.7258	2.3499	42.5846	40.2347	3.9528
sub-20572	ses-2	Slab	lh	region00304	124	98	296	2.613	0.318	0.123	0.020	1	0.1	123	304	31.8745	6.7154	15.8651	43.0188	27.1536	4.7465
sub-20572	ses-2	Slab	lh	region00305	178	128	355	2.477	0.188	0.144	0.026	3	0.3	124	305	31.0886	7.8172	13.0758	44.7191	31.6433	3.9769
sub-20572	ses-2	Slab	lh	region00306	143	116	358	2.763	0.317	0.137	0.023	2	0.1	125	306	33.2580	9.3870	-3.2376	48.8228	52.0605	3.5430
sub-20572	ses-2	Slab	lh	region00314	9	8	23	2.729	0.210	0.113	0.012	0	0.0	126	314	22.7096	7.2375	10.8247	31.0615	20.2368	3.1378
sub-20572	ses-2	Slab	lh	region00315	134	88	191	1.900	0.351	0.130	0.023	2	0.1	127	315	25.0521	5.1091	14.6996	39.3955	24.6960	4.9034
sub-20572	ses-2	Slab	lh	region00316	242	156	347	2.335	0.595	0.135	0.021	3	0.3	128	316	25.4574	8.3837	10.8995	40.6947	29.7953	3.0365
sub-20572	ses-2	Slab	lh	region00320	20	14	55	2.708	0.090	0.093	0.010	0	0.0	129	320	29.4559	3.5559	23.1221	35.3026	12.1805	8.2836
sub-20572	ses-2	Slab	lh	region00321	113	87	225	2.486	0.224	0.157	0.029	2	0.1	130	321	30.1112	6.6822	11.2871	41.6653	30.3782	4.5062
sub-20572	ses-2	Slab	lh	region00322	62	42	61	1.909	0.270	0.126	0.017	0	0.1	131	322	29.0061	3.4007	21.2834	35.3033	14.0199	8.5295
sub-20572	ses-2	Slab	lh	region00323	56	41	78	2.375	0.239	0.181	0.015	1	0.0	132	323	22.6459	5.4827	7.0690	30.3344	23.2654	4.1304
sub-20572	ses-2	Slab	lh	region00329	306	202	557	2.423	0.342	0.111	0.019	3	0.3	133	329	26.9590	6.9734	4.8487	38.5730	33.7244	3.8660
sub-20572	ses-2	Slab	lh	region00330	17	10	19	2.379	0.161	0.108	0.018	0	0.0	134	330	22.3221	1.8724	19.6227	27.3682	7.7455	11.9220
sub-20572	ses-2	Slab	lh	region00331	121	89	166	2.308	0.554	0.115	0.027	1	0.2	135	331	20.2394	6.2649	4.7968	32.8775	28.0807	3.2306
sub-20572	ses-2	Slab	lh	region00336	72	58	167	2.601	0.391	0.087	0.017	0	0.1	136	336	28.7548	11.0275	1.6142	42.3156	40.7014	2.6076
sub-20572	ses-2	Slab	lh	region00337	220	142	349	2.839	0.388	0.113	0.021	2	0.1	137	337	32.1696	6.2001	12.7739	41.3821	28.6082	5.1886
sub-20572	ses-2	Slab	lh	region00339	156	112	241	2.502	0.297	0.088	0.018	1	0.0	138	339	28.5938	4.7210	11.2328	37.3732	26.1404	6.0567
sub-20572	ses-2	Slab	lh	region00340	99	67	148	2.586	0.461	0.095	0.015	0	0.1	139	340	27.8077	4.4837	13.6358	34.7450	21.1092	6.2019
sub-20572	ses-2	Slab	lh	region00347	17	15	56	3.508	0.328	0.147	0.025	0	0.0	140	347	29.7643	3.7954	21.9620	35.5566	13.5946	7.8423
sub-20572	ses-2	Slab	lh	region00348	206	146	426	2.524	0.305	0.122	0.028	3	0.2	141	348	32.8807	8.3555	9.0652	43.5008	34.4356	3.9352
sub-20572	ses-2	Slab	lh	region00349	171	119	341	2.967	0.331	0.106	0.019	1	0.1	142	349	34.0466	3.7965	14.1832	41.4008	27.2176	8.9679
sub-20572	ses-2	Slab	lh	region00351	105	76	247	2.749	0.799	0.126	0.023	1	0.1	143	351	23.7816	6.1112	5.4001	36.9456	31.5454	3.8915
sub-20572	ses-2	Slab	lh	region00356	93	53	239	3.232	0.270	0.118	0.024	2	0.1	144	356	21.5374	6.7443	8.6382	39.5663	30.9281	3.1934
sub-20572	ses-2	Slab	lh	region00357	114	73	174	3.074	0.501	0.110	0.011	1	0.1	145	357	38.1118	3.5752	30.9562	46.9729	16.0167	10.6600
sub-20572	ses-2	Slab	lh	region00358	110	81	193	2.740	0.241	0.118	0.017	1	0.1	146	358	28.6292	6.1748	11.5431	38.2900	26.7469	4.6364
sub-20572	ses-2	Slab	lh	region00363	38	22	87	3.054	0.244	0.077	0.009	0	0.0	147	363	31.6019	2.5435	23.8297	36.8833	13.0536	12.4246
sub-20572	ses-2	Slab	lh	region00364	58	41	97	2.988	0.207	0.111	0.014	0	0.0	148	364	35.4615	3.4699	28.3087	41.9142	13.6055	10.2197
sub-20572	ses-2	Slab	lh	region00365	70	53	165	2.554	0.700	0.123	0.028	1	0.0	149	365	20.0546	6.6369	5.3737	30.1555	24.7818	3.0217
sub-20572	ses-2	Slab	lh	region00366	162	115	213	2.558	0.357	0.103	0.014	1	0.1	150	366	25.0257	3.5623	14.6976	34.0770	19.3794	7.0252
sub-20572	ses-2	Slab	lh	region00371	47	29	127	3.087	0.200	0.178	0.020	1	0.1	151	371	23.9747	4.2334	15.8926	35.7120	19.8195	5.6633
sub-20572	ses-2	Slab	lh	region00372	180	128	353	2.714	0.301	0.133	0.018	2	0.1	152	372	30.0131	6.8462	4.6611	40.7436	36.0825	4.3839
sub-20572	ses-2	Slab	lh	region00373	183	120	299	2.517	0.311	0.117	0.016	2	0.2	153	373	26.4595	6.1454	9.1173	35.1269	26.0096	4.3055
sub-20572	ses-2	Slab	lh	region00377	1	0	2	2.683	0.000	0.054	0.019	0	0.0	154	377	21.6234	0.0000	21.6234	21.6234	0.0000	inf
sub-20572	ses-2	Slab	lh	region00378	126	89	207	2.845	0.260	0.115	0.025	1	0.1	155	378	29.2565	4.4610	15.9626	35.2967	19.3341	6.5582
sub-20572	ses-2	Slab	lh	region00379	110	71	161	2.867	0.194	0.088	0.006	1	0.0	156	379	34.8098	1.4335	31.4852	38.2669	6.7816	24.2823
sub-20572	ses-2	Slab	lh	region00384	91	65	222	2.684	0.308	0.098	0.015	1	0.1	157	384	25.1753	7.6137	0.0877	39.2600	39.1723	3.3066
sub-20572	ses-2	Slab	lh	region00385	19	12	24	2.771	0.126	0.094	0.012	0	0.0	158	385	36.6636	1.9282	33.3569	40.4464	7.0895	19.0139
sub-20572	ses-2	Slab	lh	region00386	98	61	122	2.694	0.144	0.096	0.021	1	0.1	159	386	34.7079	2.7222	26.9708	40.8930	13.9222	12.7502
sub-20572	ses-2	Slab	lh	region00391	89	55	99	2.446	0.261	0.122	0.032	1	0.1	160	391	32.3647	3.9383	22.2417	41.8569	19.6152	8.2180
sub-20572	ses-2	Slab	lh	region00393	63	39	75	2.674	0.181	0.080	0.012	0	0.0	161	393	36.5391	1.3058	33.6570	39.7355	6.0785	27.9829
sub-20572	ses-2	Slab	lh	region00394	16	9	12	2.269	0.294	0.090	0.006	0	0.0	162	394	44.3454	3.7914	40.0958	52.3852	12.2893	11.6963
sub-20572	ses-2	Slab	lh	region00400	182	121	328	2.500	0.306	0.123	0.030	3	0.1	163	400	28.0278	8.7016	5.3225	40.6734	35.3509	3.2210
sub-20572	ses-2	Slab	lh	region00402	40	32	110	3.015	0.459	0.145	0.027	0	0.0	164	402	28.8563	8.1389	12.4423	41.7002	29.2579	3.5455
sub-20572	ses-2	Slab	lh	region00409	68	45	116	2.618	0.294	0.117	0.013	0	0.0	165	409	39.6222	2.7174	32.0599	45.2373	13.1774	14.5810
sub-20572	ses-2	Slab	lh	region00410	18	11	15	2.505	0.181	0.144	0.023	0	0.0	166	410	37.7645	1.1445	36.2432	39.9919	3.7487	32.9973
sub-20572	ses-2	Slab	lh	region00411	214	151	455	2.859	0.389	0.131	0.030	4	0.2	167	411	31.8536	8.5806	5.6402	46.3713	40.7310	3.7123
sub-20572	ses-2	Slab	lh	region00418	179	140	441	2.603	0.341	0.135	0.031	4	0.2	168	418	28.3028	9.0733	-3.9530	42.4928	46.4458	3.1194
sub-20572	ses-2	Slab	lh	region00419	131	103	300	2.533	0.633	0.147	0.024	2	0.1	169	419	31.3453	8.9657	3.7875	43.6596	39.8721	3.4961
sub-20572	ses-2	Slab	lh	region00425	13	13	40	2.438	0.210	0.076	0.005	0	0.0	170	425	39.0963	4.6216	27.2907	44.0044	16.7136	8.4595
sub-20572	ses-2	Slab	lh	region00430	27	17	35	1.908	0.204	0.143	0.047	1	0.0	171	430	15.9356	6.4476	0.3627	27.5884	27.2258	2.4716
sub-20572	ses-2	Slab	lh	region00434	19	13	43	2.834	0.235	0.050	0.017	0	0.0	172	434	34.8703	2.2940	29.7212	38.3760	8.6547	15.2007
sub-20572	ses-2	Slab	lh	region00435	134	105	297	2.371	0.194	0.153	0.022	5	0.1	173	435	24.2367	6.7278	6.4785	35.8487	29.3702	3.6025
sub-20572	ses-2	Slab	lh	region00436	122	85	208	2.275	0.310	0.130	0.028	1	0.1	174	436	27.5744	2.9159	21.1343	36.7317	15.5974	9.4566
sub-20572	ses-2	Slab	lh	region00437	131	99	145	1.672	0.258	0.182	0.040	2	0.3	175	437	26.4181	5.2597	11.6092	33.3845	21.7752	5.0228
sub-20572	ses-2	Slab	lh	region00443	226	156	394	2.290	0.325	0.134	0.031	4	0.2	176	443	27.9876	8.6695	-4.6277	43.8505	48.4782	3.2283
sub-20572	ses-2	Slab	lh	region00444	108	72	107	2.271	0.188	0.122	0.017	1	0.1	177	444	32.4550	2.2703	27.8309	38.9634	11.1325	14.2953
sub-20572	ses-2	Slab	lh	region00445	72	42	80	2.412	0.328	0.066	0.009	0	0.0	178	445	30.6212	2.7165	26.3086	37.2804	10.9719	11.2722
sub-20572	ses-2	Slab	lh	region00446	122	87	207	2.287	0.421	0.125	0.032	2	0.1	179	446	23.5357	6.8674	9.3722	36.7618	27.3896	3.4272
sub-20572	ses-2	Slab	lh	region00452	9	6	24	2.909	0.056	0.015	0.005	0	0.0	180	452	32.6097	3.3169	27.3853	36.6398	9.2546	9.8312
sub-20572	ses-2	Slab	lh	region00453	324	228	679	2.961	0.313	0.130	0.018	4	0.3	181	453	32.7030	6.8931	-2.5830	44.6366	47.2196	4.7443
sub-20572	ses-2	Slab	lh	region00455	83	54	93	2.500	0.204	0.100	0.011	0	0.1	182	455	31.9015	1.4188	27.9242	35.2842	7.3600	22.4844
sub-20572	ses-2	Slab	lh	region00456	34	26	93	3.666	0.486	0.166	0.029	1	0.1	183	456	27.0244	10.8510	1.4918	38.3938	36.9021	2.4905
sub-20572	ses-2	Slab	lh	region00463	109	78	279	3.175	0.373	0.098	0.015	1	0.0	184	463	34.9365	8.2198	13.0957	43.9993	30.9036	4.2503
sub-20572	ses-2	Slab	lh	region00464	4	3	8	3.343	0.068	0.036	0.025	0	0.0	185	464	36.1019	1.2627	34.9480	37.8991	2.9510	28.5908
sub-20572	ses-2	Slab	lh	region00466	62	43	83	2.838	0.205	0.114	0.025	0	0.0	186	466	33.9924	2.4893	26.2372	37.6973	11.4600	13.6556
sub-20572	ses-2	Slab	lh	region00472	128	90	282	3.210	0.306	0.137	0.017	2	0.1	187	472	34.6385	6.7759	19.1684	45.8821	26.7137	5.1120
sub-20572	ses-2	Slab	lh	region00473	137	88	187	2.702	0.247	0.114	0.021	1	0.1	188	473	34.6347	3.5396	21.7228	39.6899	17.9671	9.7848
sub-20572	ses-2	Slab	lh	region00474	189	126	147	1.366	0.287	0.131	0.017	3	0.2	189	474	23.2240	6.0830	4.1210	36.4913	32.3703	3.8179
sub-20572	ses-2	Slab	lh	region00480	45	32	130	3.110	0.269	0.155	0.040	1	0.1	190	480	23.0774	6.5466	13.4602	35.5961	22.1359	3.5251
sub-20572	ses-2	Slab	lh	region00481	54	38	63	2.110	0.170	0.120	0.014	0	0.1	191	481	34.7493	1.7684	30.7246	38.4926	7.7680	19.6500
sub-20572	ses-2	Slab	lh	region00484	132	82	124	1.660	0.463	0.105	0.013	1	0.1	192	484	28.1319	4.9980	16.0996	43.1280	27.0284	5.6286
sub-20572	ses-2	Slab	lh	region00490	49	28	115	2.898	0.310	0.106	0.019	1	0.0	193	490	25.9043	3.5900	16.6246	33.9580	17.3334	7.2158
sub-20572	ses-2	Slab	lh	region00491	61	37	51	1.526	0.284	0.096	0.015	0	0.0	194	491	24.9746	3.8611	16.0357	32.0520	16.0163	6.4682
sub-20572	ses-2	Slab	lh	region00492	17	12	15	1.851	0.173	0.114	0.010	0	0.0	195	492	28.6002	1.6779	25.6585	31.2188	5.5603	17.0456
sub-20572	ses-2	Slab	lh	region00493	36	20	29	1.809	0.156	0.091	0.011	0	0.0	196	493	34.9033	4.1444	22.6360	41.8091	19.1731	8.4218
sub-20572	ses-2	Slab	lh	region00499	94	68	185	3.215	0.396	0.111	0.013	1	0.0	197	499	28.0303	3.0261	19.6607	33.2947	13.6341	9.2628
sub-20572	ses-2	Slab	lh	region00500	36	22	49	2.691	0.144	0.043	0.003	0	0.0	198	500	37.5249	2.3376	29.0996	41.1498	12.0502	16.0527
sub-20572	ses-2	Slab	lh	region00501	29	16	15	1.297	0.194	0.075	0.008	0	0.0	199	501	34.9803	2.9042	29.3064	40.9380	11.6316	12.0446
sub-20572	ses-2	Slab	lh	region00507	51	35	135	2.902	0.284	0.082	0.009	1	0.0	200	507	30.6952	6.3590	12.8885	37.5322	24.6437	4.8270
sub-20572	ses-2	Slab	lh	region00508	123	82	190	2.709	0.287	0.092	0.008	0	0.1	201	508	34.6675	2.6544	20.0306	41.5444	21.5138	13.0606
sub-20572	ses-2	Slab	lh	region00509	56	35	76	2.700	0.241	0.098	0.020	0	0.0	202	509	34.8464	1.7942	30.6452	39.6816	9.0364	19.4217
sub-20572	ses-2	Slab	lh	region00510	48	29	38	1.614	0.241	0.177	0.020	1	0.0	203	510	33.3898	4.2269	25.6598	42.8359	17.1762	7.8994
sub-20572	ses-2	Slab	lh	region00515	1	1	2	2.254	0.000	0.167	0.019	0	0.0	204	515	32.2195	0.0000	32.2195	32.2195	0.0000	inf
sub-20572	ses-2	Slab	lh	region00516	204	137	409	2.835	0.324	0.134	0.017	3	0.2	205	516	31.9238	5.0537	12.2227	38.1653	25.9427	6.3169
sub-20572	ses-2	Slab	lh	region00518	86	58	143	2.643	0.388	0.095	0.014	0	0.0	206	518	36.7989	5.2462	20.5044	44.8627	24.3583	7.0145
sub-20572	ses-2	Slab	lh	region00524	301	197	708	2.845	0.338	0.101	0.016	3	0.2	207	524	31.4297	8.5045	3.5868	46.9883	43.4015	3.6956
sub-20572	ses-2	Slab	lh	region00525	104	82	215	2.734	0.133	0.128	0.015	1	0.1	208	525	36.8058	5.9485	19.1588	44.9756	25.8168	6.1874
sub-20572	ses-2	Slab	lh	region00526	7	4	6	2.416	0.107	0.110	0.010	0	0.0	209	526	41.3399	1.9477	39.4142	45.0738	5.6596	21.2253
sub-20572	ses-2	Slab	lh	region00527	193	123	368	2.930	0.318	0.102	0.026	2	0.1	210	527	34.2140	7.2242	1.8779	43.2270	41.3491	4.7360
sub-20572	ses-2	Slab	lh	region00534	260	195	623	2.660	0.439	0.156	0.040	7	0.3	211	534	24.8552	9.2836	2.9680	40.0638	37.0958	2.6773
sub-20572	ses-2	Slab	lh	region00535	159	117	255	2.499	0.197	0.129	0.018	2	0.1	212	535	33.5497	6.1297	5.6325	43.3271	37.6946	5.4733
sub-20572	ses-2	Slab	lh	region00536	152	102	264	2.579	0.408	0.126	0.018	2	0.1	213	536	35.2344	6.1611	17.1792	43.3591	26.1800	5.7188
sub-20572	ses-2	Slab	lh	region00542	143	93	181	2.436	0.277	0.104	0.016	1	0.1	214	542	38.2558	2.6197	32.2772	46.7683	14.4910	14.6030
sub-20572	ses-2	Slab	lh	region00543	159	114	589	3.591	0.280	0.146	0.026	2	0.2	215	543	30.2873	5.5426	18.4452	41.9231	23.4780	5.4644
sub-20572	ses-2	Slab	lh	region00551	45	27	75	2.870	0.180	0.144	0.031	1	0.0	216	551	33.6101	6.4271	21.0945	44.0631	22.9685	5.2295
sub-20572	ses-2	Slab	lh	region00552	101	61	171	2.207	0.361	0.119	0.026	1	0.1	217	552	24.1608	4.8816	14.0179	34.1646	20.1467	4.9493
sub-20572	ses-2	Slab	lh	region00553	138	102	264	2.307	0.324	0.154	0.028	3	0.1	218	553	25.6350	7.6285	13.2628	44.8944	31.6315	3.3604
sub-20572	ses-2	Slab	lh	region00559	122	86	246	2.548	0.244	0.085	0.017	1	0.1	219	559	31.1063	7.0228	13.5398	42.2118	28.6721	4.4293
sub-20572	ses-2	Slab	lh	region00560	64	53	154	2.651	0.173	0.121	0.019	1	0.1	220	560	25.5666	6.8656	10.4506	35.6187	25.1681	3.7239
sub-20572	ses-2	Slab	lh	region00561	82	49	110	2.197	0.275	0.059	0.005	0	0.0	221	561	27.2726	2.0072	23.2571	32.2269	8.9698	13.5875
sub-20572	ses-2	Slab	lh	region00562	110	83	256	2.915	0.360	0.121	0.023	1	0.1	222	562	28.2084	6.1091	13.4389	38.3623	24.9234	4.6174
sub-20572	ses-2	Slab	lh	region00568	53	40	135	2.754	0.281	0.179	0.046	1	0.1	223	568	23.6189	8.8047	9.3992	40.6602	31.2609	2.6825
sub-20572	ses-2	Slab	lh	region00569	193	134	467	2.963	0.409	0.108	0.022	2	0.2	224	569	32.0347	7.9268	8.9389	44.3180	35.3791	4.0413
sub-20572	ses-2	Slab	lh	region00570	31	19	27	2.290	0.120	0.105	0.012	0	0.0	225	570	36.8319	2.4514	31.4848	41.0394	9.5547	15.0251
sub-20572	ses-2	Slab	lh	region00571	56	32	44	1.966	0.210	0.112	0.012	0	0.0	226	571	33.5213	2.0576	29.8308	40.4369	10.6061	16.2915
sub-20572	ses-2	Slab	lh	region00572	83	52	201	2.983	0.334	0.083	0.016	0	0.1	227	572	30.5390	5.9238	15.9438	38.6402	22.6964	5.1553
sub-20572	ses-2	Slab	lh	region00579	271	182	636	3.116	0.551	0.096	0.014	2	0.2	228	579	33.5269	6.7599	14.1997	42.7671	28.5675	4.9597
sub-20572	ses-2	Slab	lh	region00580	11	7	20	2.248	0.263	0.163	0.015	0	0.0	229	580	22.9021	4.7224	17.1584	30.2356	13.0772	4.8497
sub-20572	ses-2	Slab	lh	region00581	180	118	175	2.132	0.361	0.136	0.033	2	0.2	230	581	32.5118	6.2721	11.7051	40.9299	29.2248	5.1835
sub-20572	ses-2	Slab	lh	region00583	144	91	229	2.604	0.286	0.133	0.030	2	0.1	231	583	29.0246	8.0726	10.1574	38.9917	28.8343	3.5955
sub-20572	ses-2	Slab	lh	region00591	207	139	402	2.533	0.348	0.112	0.021	2	0.1	232	591	29.7740	8.1452	10.6153	39.4983	28.8830	3.6554
sub-20572	ses-2	Slab	lh	region00592	78	54	166	3.022	0.315	0.115	0.019	1	0.1	233	592	31.8493	8.7197	4.3236	41.4319	37.1082	3.6526
sub-20572	ses-2	Slab	lh	region00593	22	16	24	2.255	0.114	0.129	0.014	0	0.0	234	593	38.2030	2.0885	33.0327	41.1192	8.0865	18.2918
sub-20572	ses-2	Slab	lh	region00594	19	9	14	2.199	0.213	0.135	0.011	0	0.0	235	594	35.2225	1.4161	32.5238	37.6715	5.1477	24.8735
sub-20572	ses-2	Slab	lh	region00595	164	116	371	2.847	0.537	0.130	0.028	3	0.2	236	595	29.9409	7.5659	8.0444	39.2530	31.2085	3.9574
sub-20572	ses-2	Slab	lh	region00603	349	237	793	2.720	0.515	0.136	0.027	6	0.4	237	603	28.9076	7.7098	3.0896	43.1374	40.0478	3.7495
sub-20572	ses-2	Slab	lh	region00604	104	67	129	2.586	0.391	0.131	0.032	1	0.1	238	604	36.0905	5.5708	20.0196	45.3125	25.2929	6.4785
sub-20572	ses-2	Slab	lh	region00605	3	2	2	2.184	0.032	0.048	0.002	0	0.0	239	605	34.1692	0.2273	33.9796	34.4216	0.4420	150.3031
sub-20572	ses-2	Slab	lh	region00606	74	51	96	2.219	0.189	0.083	0.012	0	0.0	240	606	35.7659	1.9729	31.1742	40.4298	9.2556	18.1288
sub-20572	ses-2	Slab	lh	region00613	174	116	235	1.842	0.351	0.070	0.008	1	0.1	241	613	24.4806	5.0264	12.0773	33.8655	21.7882	4.8704
sub-20572	ses-2	Slab	lh	region00614	116	73	211	2.729	0.617	0.081	0.016	1	0.1	242	614	23.3247	2.2482	18.6663	29.2705	10.6042	10.3749
sub-20572	ses-2	Slab	lh	region00616	82	54	106	2.504	0.243	0.150	0.030	1	0.1	243	616	32.1842	8.5946	1.4540	41.5504	40.0964	3.7447
sub-20572	ses-2	Slab	lh	region00623	132	77	336	3.032	0.323	0.103	0.013	2	0.1	244	623	24.9469	4.0910	9.4249	37.0130	27.5881	6.0979
sub-20572	ses-2	Slab	lh	region00624	159	100	165	2.298	0.210	0.106	0.009	1	0.1	245	624	33.4760	3.1682	25.3375	41.4337	16.0962	10.5662
sub-20572	ses-2	Slab	lh	region00627	74	57	145	2.409	0.178	0.152	0.018	2	0.1	246	627	27.3073	8.5377	10.9463	42.2932	31.3469	3.1984
sub-20572	ses-2	Slab	lh	region00633	2	1	6	3.007	0.020	0.198	0.043	0	0.0	247	633	24.9434	0.6904	24.4553	25.4315	0.9763	36.1305
sub-20572	ses-2	Slab	lh	region00634	123	81	141	2.480	0.172	0.089	0.008	1	0.1	248	634	35.8859	2.5157	31.1206	43.6555	12.5349	14.2648
sub-20572	ses-2	Slab	lh	region00637	222	154	389	2.736	0.248	0.070	0.010	1	0.1	249	637	36.0444	4.1627	21.4006	44.3003	22.8997	8.6589
sub-20572	ses-2	Slab	lh	region00644	225	161	743	3.444	0.198	0.128	0.021	2	0.2	250	644	30.4317	6.1178	19.8443	44.7386	24.8943	4.9743
sub-20572	ses-2	Slab	lh	region00645	4	2	13	3.401	0.091	0.115	0.005	0	0.0	251	645	22.3150	1.5476	20.7042	24.1861	3.4819	14.4191
sub-20572	ses-2	Slab	lh	region00646	86	52	103	2.563	0.244	0.072	0.009	0	0.0	252	646	38.5941	2.2910	34.6254	44.4802	9.8548	16.8458
sub-20572	ses-2	Slab	lh	region00647	129	96	403	3.312	0.377	0.126	0.021	1	0.1	253	647	29.4898	5.3069	18.7691	39.4493	20.6802	5.5569
sub-20572	ses-2	Slab	lh	region00654	264	163	333	2.629	0.207	0.104	0.018	2	0.2	254	654	36.3459	3.7477	19.6248	43.1964	23.5716	9.6981
sub-20572	ses-2	Slab	lh	region00655	212	143	561	3.020	0.364	0.092	0.019	2	0.1	255	655	30.9317	6.0579	19.9830	43.7038	23.7209	5.1060
sub-20572	ses-2	Slab	lh	region00656	108	67	170	3.012	0.384	0.105	0.033	1	0.1	256	656	34.2802	6.3931	16.5499	42.9125	26.3625	5.3620
sub-20572	ses-2	Slab	lh	region00663	222	152	439	2.809	0.380	0.125	0.024	3	0.2	257	663	33.7972	6.6466	13.9312	45.2377	31.3065	5.0849
sub-20572	ses-2	Slab	lh	region00664	87	64	207	3.257	0.315	0.125	0.017	1	0.1	258	664	35.3427	5.5518	21.6030	43.4182	21.8152	6.3660
sub-20572	ses-2	Slab	lh	region00670	49	27	153	3.545	0.165	0.172	0.022	1	0.0	259	670	28.0293	2.0945	24.7048	34.6318	9.9270	13.3821
sub-20572	ses-2	Slab	lh	region00680	118	84	339	2.827	0.316	0.120	0.020	2	0.1	260	680	26.7726	6.8701	1.3214	40.9680	39.6466	3.8969
sub-20572	ses-2	Slab	lh	region00681	119	88	210	2.127	0.123	0.122	0.016	1	0.1	261	681	28.3570	5.5435	5.1757	37.1446	31.9689	5.1154
sub-20572	ses-2	Slab	lh	region00682	221	161	527	2.511	0.494	0.156	0.027	4	0.3	262	682	24.2097	6.0410	4.9741	36.4241	31.4500	4.0075
sub-20572	ses-2	Slab	lh	region00688	176	141	473	2.872	0.451	0.165	0.029	5	0.2	263	688	27.2012	8.4886	6.7394	43.5741	36.8347	3.2044
sub-20572	ses-2	Slab	lh	region00689	105	76	170	2.364	0.356	0.107	0.016	0	0.1	264	689	31.8297	4.1898	17.5731	39.7297	22.1566	7.5969
sub-20572	ses-2	Slab	lh	region00690	195	127	296	2.250	0.332	0.097	0.012	1	0.1	265	690	30.4227	2.9534	22.7007	37.1598	14.4591	10.3010
sub-20572	ses-2	Slab	lh	region00691	295	218	643	2.619	0.373	0.122	0.024	5	0.2	266	691	29.0069	6.6167	10.3194	41.6591	31.3397	4.3839
sub-20572	ses-2	Slab	lh	region00697	24	19	79	3.471	0.292	0.164	0.037	0	0.0	267	697	31.3736	4.5919	24.8065	42.9956	18.1891	6.8324
sub-20572	ses-2	Slab	lh	region00698	227	164	501	2.519	0.322	0.114	0.019	3	0.2	268	698	28.8425	6.9694	4.5097	40.0566	35.5469	4.1384
sub-20572	ses-2	Slab	lh	region00699	211	137	267	2.212	0.236	0.083	0.009	1	0.1	269	699	32.0053	2.3071	26.9626	37.7269	10.7644	13.8728
sub-20572	ses-2	Slab	lh	region00701	212	150	384	2.501	0.413	0.098	0.013	1	0.2	270	701	31.8341	4.4287	16.5971	44.2114	27.6143	7.1881
sub-20572	ses-2	Slab	lh	region00708	163	122	338	2.378	0.325	0.123	0.021	2	0.2	271	708	28.5126	7.0533	12.4145	37.9807	25.5663	4.0425
sub-20572	ses-2	Slab	lh	region00709	65	46	117	2.733	0.206	0.124	0.012	1	0.0	272	709	33.2495	3.6930	26.7586	40.2792	13.5206	9.0033
sub-20572	ses-2	Slab	lh	region00710	72	45	95	2.417	0.294	0.097	0.021	0	0.1	273	710	33.2276	3.4326	18.7132	39.1862	20.4730	9.6800
sub-20572	ses-2	Slab	lh	region00711	21	13	21	1.896	0.140	0.036	0.005	0	0.0	274	711	29.9014	1.5096	27.6813	33.1217	5.4404	19.8074
sub-20572	ses-2	Slab	lh	region00712	94	61	151	2.423	0.365	0.086	0.022	1	0.0	275	712	26.4584	5.7061	6.7292	35.2080	28.4788	4.6368
sub-20572	ses-2	Slab	lh	region00720	65	43	129	2.427	0.399	0.149	0.028	1	0.1	276	720	25.9648	4.0679	19.6324	35.3447	15.7122	6.3828
sub-20572	ses-2	Slab	lh	region00721	116	77	116	1.813	0.643	0.090	0.009	0	0.1	277	721	27.2434	5.3662	20.4627	38.1618	17.6991	5.0768
sub-20572	ses-2	Slab	lh	region00722	128	84	114	1.618	0.527	0.140	0.047	1	0.1	278	722	22.1192	4.7969	9.3684	30.6719	21.3035	4.6111
sub-20572	ses-2	Slab	lh	region00723	1	1	1	2.350	0.000	0.161	0.021	0	0.0	279	723	27.1883	0.0000	27.1883	27.1883	0.0000	inf
sub-20572	ses-2	Slab	lh	region00724	92	58	125	2.736	0.166	0.089	0.020	0	0.0	280	724	28.7486	2.6193	22.6564	35.3287	12.6722	10.9755
sub-20572	ses-2	Slab	lh	region00731	47	30	71	2.078	0.198	0.158	0.080	1	0.0	281	731	17.4884	4.3437	10.0400	26.4502	16.4101	4.0262
sub-20572	ses-2	Slab	lh	region00732	120	87	211	2.622	0.563	0.111	0.013	1	0.1	282	732	24.6899	2.8332	14.3476	30.5200	16.1725	8.7144
sub-20572	ses-2	Slab	lh	region00733	55	33	69	2.771	0.235	0.057	0.009	0	0.0	283	733	30.0359	4.6927	20.6131	36.1741	15.5610	6.4006
sub-20572	ses-2	Slab	lh	region00734	16	12	18	2.318	0.378	0.063	0.005	0	0.0	284	734	33.3283	1.7574	31.0615	35.8657	4.8042	18.9647
sub-20572	ses-2	Slab	lh	region00735	181	107	506	3.201	0.329	0.124	0.027	2	0.3	285	735	25.6580	3.4182	19.3918	36.9549	17.5631	7.5063
sub-20572	ses-2	Slab	lh	region00741	25	11	65	3.132	0.176	0.133	0.022	0	0.0	286	741	22.6076	2.0050	18.8662	26.4168	7.5506	11.2758
sub-20572	ses-2	Slab	lh	region00742	228	155	383	2.568	0.335	0.083	0.011	1	0.1	287	742	32.6438	6.1193	8.7445	41.6903	32.9459	5.3346
sub-20572	ses-2	Slab	lh	region00743	168	110	321	2.853	0.289	0.124	0.014	1	0.1	288	743	31.6614	3.6162	24.1821	40.6822	16.5001	8.7555
sub-20572	ses-2	Slab	lh	region00744	69	44	74	2.394	0.257	0.104	0.014	0	0.0	289	744	35.7596	3.3630	19.0024	41.5632	22.5607	10.6332
sub-20572	ses-2	Slab	lh	region00745	182	121	413	3.036	0.275	0.088	0.017	1	0.1	290	745	31.3672	4.7568	19.8930	41.0591	21.1661	6.5942
sub-20572	ses-2	Slab	lh	region00752	103	73	248	3.115	0.410	0.107	0.017	1	0.0	291	752	33.4596	5.6353	23.8635	48.4594	24.5959	5.9375
sub-20572	ses-2	Slab	lh	region00753	33	20	70	2.794	0.159	0.094	0.008	0	0.0	292	753	33.0368	2.8111	27.6350	38.5817	10.9466	11.7524
sub-20572	ses-2	Slab	lh	region00754	143	88	168	2.441	0.291	0.097	0.015	1	0.1	293	754	35.6349	2.8830	25.4170	42.1374	16.7203	12.3602
sub-20572	ses-2	Slab	lh	region00755	137	94	313	3.065	0.275	0.114	0.018	1	0.1	294	755	31.1761	5.8650	18.9142	41.8416	22.9275	5.3156
sub-20572	ses-2	Slab	lh	region00762	164	106	340	2.815	0.375	0.100	0.008	1	0.0	295	762	33.2280	4.9896	22.0612	40.2996	18.2384	6.6594
sub-20572	ses-2	Slab	lh	region00763	74	52	164	2.912	0.164	0.060	0.015	0	0.0	296	763	36.1817	2.8209	22.1130	41.8265	19.7135	12.8261
sub-20572	ses-2	Slab	lh	region00764	87	59	178	3.037	0.257	0.127	0.022	1	0.1	297	764	34.6759	6.0047	19.4965	42.3764	22.8799	5.7748
sub-20572	ses-2	Slab	lh	region00771	85	58	246	3.115	0.454	0.155	0.027	2	0.1	298	771	26.1882	5.6502	13.6915	35.5793	21.8878	4.6349
sub-20572	ses-2	Slab	lh	region00772	78	57	251	3.593	0.279	0.134	0.027	1	0.1	299	772	29.1699	6.4223	15.9222	39.8817	23.9595	4.5419
sub-20572	ses-2	Slab	lh	region00778	56	36	158	3.470	0.158	0.107	0.035	1	0.0	300	778	28.1381	5.5927	17.0149	37.2008	20.1860	5.0313
sub-20572	ses-2	Slab	lh	region00788	32	22	78	2.491	0.252	0.139	0.024	1	0.0	301	788	24.0126	5.7250	10.8162	33.5379	22.7217	4.1944
sub-20572	ses-2	Slab	lh	region00789	422	286	692	2.262	0.390	0.106	0.018	4	0.4	302	789	31.0962	5.2562	11.9956	41.2009	29.2054	5.9161
sub-20572	ses-2	Slab	lh	region00790	167	130	352	2.341	0.313	0.136	0.027	3	0.2	303	790	26.4796	8.4365	7.6308	41.4085	33.7776	3.1387
sub-20572	ses-2	Slab	lh	region00797	213	155	525	2.582	0.262	0.142	0.030	4	0.2	304	797	25.0252	5.5481	9.8086	36.4851	26.6765	4.5106
sub-20572	ses-2	Slab	lh	region00798	254	172	386	2.152	0.294	0.120	0.019	3	0.2	305	798	29.0421	5.4471	5.6964	39.7104	34.0140	5.3317
sub-20572	ses-2	Slab	lh	region00799	212	148	465	2.686	0.460	0.138	0.027	4	0.2	306	799	29.7359	7.8195	13.0439	46.3602	33.3163	3.8028
sub-20572	ses-2	Slab	lh	region00806	83	50	169	2.595	0.213	0.124	0.020	1	0.1	307	806	25.7944	4.8546	12.6662	36.4724	23.8062	5.3134
sub-20572	ses-2	Slab	lh	region00807	170	107	254	2.228	0.267	0.081	0.008	1	0.1	308	807	27.6438	2.5184	23.7676	35.1006	11.3330	10.9768
sub-20572	ses-2	Slab	lh	region00808	115	75	145	2.243	0.253	0.071	0.010	0	0.0	309	808	29.4815	3.0498	20.0216	34.6538	14.6323	9.6668
sub-20572	ses-2	Slab	lh	region00809	82	55	110	2.047	0.431	0.143	0.018	1	0.1	310	809	22.9457	4.1808	12.7161	31.1793	18.4632	5.4883
sub-20572	ses-2	Slab	lh	region00816	132	79	253	2.471	0.354	0.080	0.009	1	0.0	311	816	23.1694	2.6002	17.0750	32.0913	15.0163	8.9107
sub-20572	ses-2	Slab	lh	region00817	107	67	198	2.487	0.766	0.068	0.025	0	0.1	312	817	15.2617	5.4452	3.1387	22.2018	19.0631	2.8028
sub-20572	ses-2	Slab	lh	region00818	143	97	208	2.740	0.234	0.067	0.007	0	0.1	313	818	22.6548	2.0430	17.4843	26.0331	8.5488	11.0888
sub-20572	ses-2	Slab	lh	region00819	88	53	210	3.384	0.458	0.065	0.009	0	0.0	314	819	23.8581	2.6092	19.2350	29.7185	10.4835	9.1438
sub-20572	ses-2	Slab	lh	region00826	67	38	147	2.705	0.125	0.097	0.011	0	0.0	315	826	21.6267	1.2608	17.6811	24.6528	6.9717	17.1535
sub-20572	ses-2	Slab	lh	region00827	141	93	171	2.243	0.275	0.097	0.010	1	0.1	316	827	30.5998	2.5498	24.9651	39.1684	14.2032	12.0007
sub-20572	ses-2	Slab	lh	region00828	185	119	394	2.930	0.230	0.092	0.017	1	0.1	317	828	28.7197	4.4216	18.0471	36.6486	18.6014	6.4953
sub-20572	ses-2	Slab	lh	region00829	105	69	144	3.001	0.227	0.091	0.014	1	0.1	318	829	36.7162	3.8495	26.8738	43.1227	16.2489	9.5380
sub-20572	ses-2	Slab	lh	region00836	15	11	62	3.593	0.125	0.078	0.013	0	0.0	319	836	22.2545	3.4263	17.3971	27.5355	10.1385	6.4952
sub-20572	ses-2	Slab	lh	region00837	104	67	178	2.973	0.408	0.074	0.011	0	0.1	320	837	35.0894	2.2687	29.4388	41.0374	11.5986	15.4665
sub-20572	ses-2	Slab	lh	region00838	100	66	275	3.196	0.367	0.105	0.017	1	0.1	321	838	29.3209	3.0128	23.5398	37.2710	13.7312	9.7322
sub-20572	ses-2	Slab	lh	region00844	85	58	245	2.937	0.278	0.132	0.022	1	0.1	322	844	27.0085	6.0075	16.1134	40.6315	24.5181	4.4958
sub-20572	ses-2	Slab	lh	region00845	133	87	368	3.253	0.257	0.113	0.016	1	0.1	323	845	29.2873	3.8708	19.4853	39.1302	19.6448	7.5663
sub-20572	ses-2	Slab	lh	region00846	89	60	206	3.188	0.346	0.068	0.007	0	0.0	324	846	31.4619	6.0181	23.1060	47.6902	24.5843	5.2279
sub-20572	ses-2	Slab	lh	region00852	59	33	172	3.298	0.292	0.143	0.023	1	0.0	325	852	24.7700	3.3434	18.5619	31.9250	13.3631	7.4086
sub-20572	ses-2	Slab	lh	region00853	116	82	346	3.198	0.291	0.136	0.019	2	0.1	326	853	26.5801	4.1569	18.5666	39.0662	20.4996	6.3942
sub-20572	ses-2	Slab	lh	region00858	1	1	4	3.115	0.000	0.063	0.028	0	0.0	327	858	32.0489	0.0000	32.0489	32.0489	0.0000	inf
sub-20572	ses-2	Slab	lh	region00867	20	9	34	2.485	0.295	0.109	0.040	0	0.0	328	867	19.7739	4.1535	12.1953	25.8099	13.6146	4.7608
sub-20572	ses-2	Slab	lh	region00868	36	30	59	2.025	0.276	0.103	0.012	0	0.0	329	868	30.5372	3.5235	24.4468	38.0043	13.5575	8.6666
sub-20572	ses-2	Slab	lh	region00873	22	9	33	2.280	0.093	0.160	0.018	0	0.0	330	873	18.4108	1.6717	15.1908	21.3339	6.1432	11.0133
sub-20572	ses-2	Slab	lh	region00874	123	81	161	1.815	0.313	0.114	0.013	1	0.1	331	874	25.5008	5.4156	14.8920	37.7012	22.8092	4.7088
sub-20572	ses-2	Slab	lh	region00875	246	158	392	2.043	0.521	0.116	0.026	3	0.2	332	875	21.9566	4.9452	-0.3895	31.1209	31.5104	4.4400
sub-20572	ses-2	Slab	lh	region00881	4	2	9	2.835	0.024	0.097	0.016	0	0.0	333	881	20.7644	1.0449	20.0968	22.3057	2.2089	19.8727
sub-20572	ses-2	Slab	lh	region00882	77	48	154	2.634	0.324	0.063	0.015	0	0.0	334	882	21.4552	2.4494	16.5259	31.1201	14.5942	8.7595
sub-20572	ses-2	Slab	lh	region00883	174	78	384	3.194	0.249	0.092	0.016	2	0.1	335	883	17.9288	2.2995	10.5150	23.5104	12.9953	7.7969
sub-20572	ses-2	Slab	lh	region00888	20	7	45	3.239	0.163	0.158	0.027	0	0.0	336	888	21.7773	1.1828	19.1658	24.5207	5.3549	18.4117
sub-20572	ses-2	Slab	lh	region00889	114	70	274	2.902	0.267	0.104	0.014	1	0.1	337	889	26.2622	3.4925	20.6802	33.7422	13.0620	7.5195
sub-20572	ses-2	Slab	lh	region00890	214	140	509	2.883	0.317	0.115	0.027	2	0.3	338	890	25.1583	4.1314	12.9712	36.3548	23.3836	6.0895
sub-20572	ses-2	Slab	lh	region00895	44	28	104	3.365	0.260	0.113	0.034	1	0.0	339	895	31.5414	5.2445	23.7683	39.2571	15.4887	6.0142
sub-20572	ses-2	Slab	lh	region00896	69	43	168	3.359	0.153	0.129	0.015	1	0.1	340	896	29.2787	4.6760	21.8523	38.3510	16.4987	6.2615
sub-20572	ses-2	Slab	lh	region00901	1	0	2	3.072	0.000	0.104	0.001	0	0.0	341	901	24.9312	0.0000	24.9312	24.9312	0.0000	inf
sub-20572	ses-2	Slab	rh	region00004	6	3	18	3.572	0.068	0.099	0.011	0	0.0	2	4	22.7297	1.7441	20.4872	25.7968	5.3096	13.0321
sub-20572	ses-2	Slab	rh	region00005	95	58	155	3.117	0.327	0.055	0.004	0	0.0	3	5	23.3688	4.7411	9.6953	30.9705	21.2752	4.9290
sub-20572	ses-2	Slab	rh	region00006	133	68	233	3.002	0.442	0.057	0.012	1	0.1	4	6	26.1359	7.2672	9.4460	42.7432	33.2972	3.5964
sub-20572	ses-2	Slab	rh	region00007	184	119	410	2.778	0.398	0.081	0.019	3	0.1	5	7	29.1445	7.0205	12.2532	40.1021	27.8489	4.1513
sub-20572	ses-2	Slab	rh	region00011	61	34	236	4.061	0.397	0.130	0.060	1	0.1	6	11	13.5951	4.2169	5.6124	26.2950	20.6825	3.2240
sub-20572	ses-2	Slab	rh	region00012	76	55	138	3.183	0.287	0.135	0.014	1	0.1	7	12	27.6138	3.7153	19.2932	35.3987	16.1054	7.4324
sub-20572	ses-2	Slab	rh	region00013	87	61	162	2.894	0.418	0.131	0.030	1	0.1	8	13	33.5593	8.2045	9.1223	40.8762	31.7539	4.0904
sub-20572	ses-2	Slab	rh	region00014	82	51	160	3.049	0.593	0.059	0.010	0	0.0	9	14	36.0854	3.0393	29.7411	43.6390	13.8979	11.8729
sub-20572	ses-2	Slab	rh	region00019	46	35	118	3.331	0.376	0.124	0.019	0	0.1	10	19	30.4087	2.7666	25.1664	37.7929	12.6266	10.9915
sub-20572	ses-2	Slab	rh	region00020	72	54	235	3.567	0.635	0.126	0.023	1	0.0	11	20	31.7298	3.1624	22.8307	40.1936	17.3629	10.0335
sub-20572	ses-2	Slab	rh	region00021	66	45	215	3.472	0.273	0.176	0.027	1	0.1	12	21	33.3245	3.2855	27.4394	41.0205	13.5811	10.1429
sub-20572	ses-2	Slab	rh	region00024	29	23	133	3.701	0.285	0.173	0.046	1	0.0	13	24	19.3148	5.4534	10.4072	30.0599	19.6527	3.5418
sub-20572	ses-2	Slab	rh	region00025	45	39	141	4.059	0.351	0.144	0.024	1	0.0	14	25	29.7760	6.4906	16.5179	38.2116	21.6937	4.5876
sub-20572	ses-2	Slab	rh	region00031	69	46	181	3.142	0.262	0.105	0.019	1	0.1	15	31	24.2267	6.5568	11.4560	33.7081	22.2521	3.6949
sub-20572	ses-2	Slab	rh	region00032	46	32	184	3.961	0.350	0.079	0.022	0	0.0	16	32	25.4239	2.4739	18.8253	30.0509	11.2256	10.2770
sub-20572	ses-2	Slab	rh	region00037	74	42	170	2.714	0.170	0.126	0.032	2	0.1	17	37	15.3247	6.7377	3.6901	29.9241	26.2340	2.2745
sub-20572	ses-2	Slab	rh	region00038	137	100	392	3.760	0.488	0.097	0.016	1	0.1	18	38	26.8773	6.4183	5.4092	34.9162	29.5069	4.1876
sub-20572	ses-2	Slab	rh	region00039	237	153	352	2.812	0.261	0.111	0.021	2	0.2	19	39	31.6817	3.6102	19.0392	37.8528	18.8136	8.7757
sub-20572	ses-2	Slab	rh	region00045	41	23	85	2.766	0.229	0.094	0.006	0	0.0	20	45	29.1463	3.3874	24.2923	36.8421	12.5498	8.6044
sub-20572	ses-2	Slab	rh	region00046	138	85	223	2.793	0.257	0.054	0.006	0	0.0	21	46	25.2742	4.3536	13.5380	33.1650	19.6270	5.8053
sub-20572	ses-2	Slab	rh	region00047	143	94	358	3.602	0.381	0.134	0.022	2	0.1	22	47	29.2870	5.1261	20.2078	39.5124	19.3046	5.7133
sub-20572	ses-2	Slab	rh	region00048	98	72	208	2.600	0.584	0.102	0.029	1	0.0	23	48	27.3940	9.1764	2.8250	39.0203	36.1954	2.9853
sub-20572	ses-2	Slab	rh	region00053	93	60	153	3.398	0.317	0.078	0.016	0	0.0	24	53	32.6030	2.8753	25.5551	39.4411	13.8860	11.3390
sub-20572	ses-2	Slab	rh	region00054	185	132	459	2.858	0.468	0.094	0.013	2	0.1	25	54	29.8927	6.4704	7.7945	39.2507	31.4562	4.6199
sub-20572	ses-2	Slab	rh	region00055	84	60	210	3.645	0.384	0.165	0.026	2	0.1	26	55	32.2344	6.9737	16.0928	40.5722	24.4794	4.6223
sub-20572	ses-2	Slab	rh	region00059	21	14	98	4.782	0.244	0.090	0.026	0	0.0	27	59	20.6456	7.5931	7.0598	31.1750	24.1152	2.7190
sub-20572	ses-2	Slab	rh	region00060	16	10	27	4.216	0.148	0.061	0.005	0	0.0	28	60	34.8629	2.0476	30.9217	37.3707	6.4490	17.0259
sub-20572	ses-2	Slab	rh	region00061	125	76	201	2.951	0.353	0.056	0.004	0	0.0	29	61	36.2994	1.6802	31.6998	39.5396	7.8398	21.6044
sub-20572	ses-2	Slab	rh	region00062	63	45	215	3.372	0.198	0.090	0.022	1	0.0	30	62	31.1593	5.6459	9.7789	37.6394	27.8604	5.5189
sub-20572	ses-2	Slab	rh	region00067	69	54	248	3.897	0.381	0.135	0.042	1	0.0	31	67	24.7541	6.5027	6.1436	38.1849	32.0414	3.8067
sub-20572	ses-2	Slab	rh	region00068	7	4	19	3.041	0.514	0.163	0.020	0	0.0	32	68	14.6604	9.2184	9.7672	35.4338	25.6666	1.5903
sub-20572	ses-2	Slab	rh	region00069	77	51	161	3.603	0.342	0.055	0.006	0	0.0	33	69	35.6749	3.3743	28.4481	40.8875	12.4394	10.5724
sub-20572	ses-2	Slab	rh	region00070	53	37	124	3.321	0.276	0.082	0.013	0	0.0	34	70	33.3368	2.1664	27.5877	38.2847	10.6971	15.3884
sub-20572	ses-2	Slab	rh	region00076	191	136	466	2.766	0.442	0.107	0.019	3	0.1	35	76	28.5390	10.2505	1.4047	44.2671	42.8624	2.7842
sub-20572	ses-2	Slab	rh	region00077	73	53	189	3.333	0.447	0.078	0.011	0	0.1	36	77	36.0455	2.9484	29.6235	42.0727	12.4491	12.2254
sub-20572	ses-2	Slab	rh	region00078	65	45	186	3.494	0.551	0.160	0.042	1	0.1	37	78	20.5609	6.3836	-2.9854	34.8404	37.8258	3.2209
sub-20572	ses-2	Slab	rh	region00079	40	30	168	3.694	0.259	0.131	0.021	1	0.0	38	79	22.7087	6.3114	12.4502	33.6977	21.2475	3.5980
sub-20572	ses-2	Slab	rh	region00080	1	0	3	3.617	0.000	0.141	0.033	0	0.0	39	80	22.0842	0.0000	22.0842	22.0842	0.0000	inf
sub-20572	ses-2	Slab	rh	region00085	114	76	232	2.801	0.378	0.058	0.006	0	0.0	40	85	36.1289	2.9047	26.6341	42.9134	16.2793	12.4382
sub-20572	ses-2	Slab	rh	region00086	89	62	207	3.307	0.382	0.108	0.020	1	0.1	41	86	35.4101	6.5051	15.2440	49.8711	34.6271	5.4434
sub-20572	ses-2	Slab	rh	region00087	1	1	3	3.375	0.000	0.064	0.040	0	0.0	42	87	28.1845	0.0000	28.1845	28.1845	0.0000	inf
sub-20572	ses-2	Slab	rh	region00091	175	128	384	2.589	0.523	0.102	0.016	3	0.2	43	91	26.3100	8.9826	-2.4011	45.9451	48.3462	2.9290
sub-20572	ses-2	Slab	rh	region00092	64	41	174	3.328	0.326	0.078	0.014	0	0.0	44	92	34.4623	6.5283	15.8392	42.9395	27.1003	5.2789
sub-20572	ses-2	Slab	rh	region00096	6	5	8	1.553	0.226	0.170	0.029	0	0.0	45	96	18.5212	4.7031	14.7348	27.5739	12.8391	3.9381
sub-20572	ses-2	Slab	rh	region00097	256	153	304	1.700	0.359	0.148	0.044	4	0.4	46	97	15.1869	5.8380	-3.1727	27.4245	30.5972	2.6014
sub-20572	ses-2	Slab	rh	region00098	99	59	144	2.139	0.334	0.131	0.024	1	0.1	47	98	20.2438	3.5147	12.5455	30.3324	17.7869	5.7597
sub-20572	ses-2	Slab	rh	region00103	171	114	133	1.162	0.227	0.125	0.020	3	0.1	48	103	17.1793	5.0284	6.0237	27.1617	21.1379	3.4164
sub-20572	ses-2	Slab	rh	region00104	249	176	353	1.889	0.446	0.131	0.025	3	0.3	49	104	20.4158	5.6818	2.9142	28.7212	25.8069	3.5932
sub-20572	ses-2	Slab	rh	region00105	274	180	444	2.408	0.268	0.109	0.027	2	0.3	50	105	23.7212	4.3265	12.0529	32.1742	20.1212	5.4828
sub-20572	ses-2	Slab	rh	region00106	126	78	281	2.722	0.183	0.091	0.017	2	0.1	51	106	23.6073	4.4264	12.6000	36.2657	23.6657	5.3333
sub-20572	ses-2	Slab	rh	region00111	219	153	369	2.361	0.414	0.128	0.027	2	0.3	52	111	22.6915	6.2032	-0.9617	33.4065	34.3682	3.6580
sub-20572	ses-2	Slab	rh	region00112	268	187	460	2.562	0.311	0.126	0.026	3	0.3	53	112	25.2539	6.2718	9.2557	36.8327	27.5770	4.0266
sub-20572	ses-2	Slab	rh	region00113	144	93	230	2.367	0.363	0.116	0.020	1	0.1	54	113	26.9081	3.9372	14.7109	36.3632	21.6523	6.8343
sub-20572	ses-2	Slab	rh	region00119	80	66	146	2.084	0.385	0.134	0.030	2	0.2	55	119	15.1104	8.7428	-2.2163	29.3223	31.5386	1.7283
sub-20572	ses-2	Slab	rh	region00120	160	110	372	2.827	0.430	0.152	0.029	3	0.2	56	120	21.4376	7.8800	-4.6073	33.4798	38.0871	2.7205
sub-20572	ses-2	Slab	rh	region00121	177	126	402	2.636	0.385	0.079	0.009	2	0.1	57	121	23.7526	6.0848	7.9820	35.0635	27.0815	3.9036
sub-20572	ses-2	Slab	rh	region00122	70	47	145	2.723	0.299	0.096	0.019	1	0.0	58	122	23.1269	4.1344	15.4038	31.1384	15.7346	5.5938
sub-20572	ses-2	Slab	rh	region00129	43	27	59	2.121	0.154	0.059	0.008	0	0.0	59	129	20.4305	2.2569	16.8985	25.5018	8.6033	9.0526
sub-20572	ses-2	Slab	rh	region00130	112	74	214	2.887	0.507	0.128	0.033	2	0.1	60	130	24.3305	10.4159	-7.7601	37.9161	45.6762	2.3359
sub-20572	ses-2	Slab	rh	region00131	110	78	159	2.537	0.384	0.148	0.017	1	0.1	61	131	30.5830	4.0698	17.6638	39.5654	21.9016	7.5146
sub-20572	ses-2	Slab	rh	region00132	73	48	104	2.368	0.611	0.096	0.012	1	0.0	62	132	31.7786	2.6948	20.3958	36.7857	16.3899	11.7926
sub-20572	ses-2	Slab	rh	region00139	77	55	152	2.638	0.499	0.105	0.020	1	0.1	63	139	22.1038	9.9821	3.7804	37.2701	33.4897	2.2143
sub-20572	ses-2	Slab	rh	region00140	124	78	177	2.553	0.249	0.034	0.002	0	0.0	64	140	26.4664	5.9225	7.2394	40.3826	33.1432	4.4688
sub-20572	ses-2	Slab	rh	region00143	137	96	329	3.624	0.790	0.125	0.022	1	0.1	65	143	33.0651	3.7194	23.5221	41.6003	18.0782	8.8900
sub-20572	ses-2	Slab	rh	region00146	62	41	123	3.231	0.183	0.122	0.027	1	0.1	66	146	28.3727	10.2432	7.0262	40.1610	33.1348	2.7699
sub-20572	ses-2	Slab	rh	region00147	167	116	522	3.737	0.488	0.145	0.027	3	0.2	67	147	26.5860	7.0643	12.1389	39.6634	27.5245	3.7634
sub-20572	ses-2	Slab	rh	region00151	49	31	50	2.881	0.121	0.101	0.005	0	0.0	68	151	35.8034	2.1377	31.1882	40.8579	9.6697	16.7485
sub-20572	ses-2	Slab	rh	region00152	179	112	344	3.124	0.347	0.071	0.008	1	0.1	69	152	33.8654	2.6459	26.3677	39.9730	13.6053	12.7991
sub-20572	ses-2	Slab	rh	region00153	168	125	554	3.113	0.401	0.116	0.021	3	0.1	70	153	25.8900	6.6121	11.2871	38.6589	27.3718	3.9155
sub-20572	ses-2	Slab	rh	region00157	117	70	185	3.526	0.461	0.049	0.004	0	0.0	71	157	32.2961	2.4553	24.2771	37.6419	13.3648	13.1537
sub-20572	ses-2	Slab	rh	region00158	94	60	257	3.520	0.324	0.107	0.013	1	0.1	72	158	32.2174	3.8078	22.9345	39.3619	16.4273	8.4610
sub-20572	ses-2	Slab	rh	region00159	7	5	20	2.714	0.089	0.235	0.042	0	0.0	73	159	21.0769	6.4356	10.6306	29.4873	18.8567	3.2750
sub-20572	ses-2	Slab	rh	region00163	28	18	56	2.962	0.534	0.185	0.184	2	0.4	74	163	21.3755	8.1588	3.9642	29.0386	25.0744	2.6199
sub-20572	ses-2	Slab	rh	region00164	4	3	7	3.130	0.133	0.080	0.003	0	0.0	75	164	31.0354	1.4093	30.0780	33.1154	3.0374	22.0220
sub-20572	ses-2	Slab	rh	region00165	57	36	334	4.880	0.192	0.070	0.021	0	0.0	76	165	25.0960	6.2859	5.1564	33.6569	28.5005	3.9924
sub-20572	ses-2	Slab	rh	region00166	130	84	399	3.450	0.463	0.121	0.020	2	0.1	77	166	25.7399	6.6724	11.4490	38.5578	27.1088	3.8577
sub-20572	ses-2	Slab	rh	region00172	78	58	154	3.038	0.457	0.137	0.014	1	0.1	78	172	33.0904	7.5181	15.3063	42.9611	27.6548	4.4015
sub-20572	ses-2	Slab	rh	region00173	119	74	185	3.004	0.303	0.071	0.008	0	0.0	79	173	33.0685	3.4044	25.9858	39.5377	13.5519	9.7134
sub-20572	ses-2	Slab	rh	region00174	124	81	360	3.394	0.447	0.129	0.030	2	0.1	80	174	26.0058	6.2005	14.2038	37.4882	23.2845	4.1942
sub-20572	ses-2	Slab	rh	region00181	125	93	239	2.804	0.331	0.102	0.018	1	0.1	81	181	34.1205	7.4995	5.6241	40.9458	35.3217	4.5497
sub-20572	ses-2	Slab	rh	region00183	235	158	350	2.453	0.300	0.130	0.027	3	0.3	82	183	29.7894	7.0681	-3.2197	39.6536	42.8733	4.2146
sub-20572	ses-2	Slab	rh	region00184	113	76	252	2.850	0.408	0.105	0.017	1	0.1	83	184	28.8940	7.0894	1.7345	38.1389	36.4044	4.0757
sub-20572	ses-2	Slab	rh	region00185	73	52	195	2.962	0.173	0.161	0.029	2	0.1	84	185	28.7595	5.2824	13.2595	38.8154	25.5559	5.4444
sub-20572	ses-2	Slab	rh	region00190	190	124	382	2.766	0.415	0.127	0.021	3	0.2	85	190	32.2092	8.1919	7.2759	44.0721	36.7962	3.9319
sub-20572	ses-2	Slab	rh	region00191	24	21	73	2.709	0.425	0.175	0.025	0	0.0	86	191	39.0238	7.8796	10.8025	46.7385	35.9361	4.9525
sub-20572	ses-2	Slab	rh	region00192	140	93	257	2.443	0.615	0.110	0.022	1	0.1	87	192	31.4002	10.9972	1.4946	50.0576	48.5630	2.8553
sub-20572	ses-2	Slab	rh	region00193	117	94	328	2.913	0.377	0.178	0.047	3	0.2	88	193	31.1972	9.1516	9.1441	43.7735	34.6294	3.4089
sub-20572	ses-2	Slab	rh	region00198	91	65	253	3.160	0.538	0.116	0.024	1	0.1	89	198	35.8963	5.1930	12.8836	45.9578	33.0741	6.9124
sub-20572	ses-2	Slab	rh	region00199	121	81	199	2.593	0.463	0.123	0.022	1	0.1	90	199	36.7609	5.0078	18.9562	45.3225	26.3664	7.3407
sub-20572	ses-2	Slab	rh	region00200	128	89	356	2.881	0.319	0.115	0.025	3	0.1	91	200	24.5562	8.4233	2.4056	41.4109	39.0053	2.9153
sub-20572	ses-2	Slab	rh	region00201	28	21	57	2.720	0.309	0.171	0.053	0	0.1	92	201	30.9299	7.0732	14.1650	40.7010	26.5360	4.3728
sub-20572	ses-2	Slab	rh	region00208	2	2	2	1.762	0.020	0.278	0.056	0	0.0	93	208	24.3608	2.2141	22.7952	25.9264	3.1312	11.0027
sub-20572	ses-2	Slab	rh	region00209	331	194	301	1.600	0.463	0.125	0.029	4	0.4	94	209	18.8719	6.8957	-3.1489	33.6961	36.8450	2.7367
sub-20572	ses-2	Slab	rh	region00210	202	121	236	1.692	0.292	0.143	0.034	3	0.4	95	210	18.4543	6.2020	-3.8682	31.4350	35.3032	2.9756
sub-20572	ses-2	Slab	rh	region00216	144	89	170	1.949	0.410	0.152	0.039	3	0.2	96	216	15.3325	7.4306	3.0567	31.7768	28.7201	2.0634
sub-20572	ses-2	Slab	rh	region00217	74	45	115	2.255	0.392	0.134	0.055	1	0.1	97	217	15.3357	6.6932	3.4189	31.6197	28.2008	2.2912
sub-20572	ses-2	Slab	rh	region00218	175	110	150	1.749	0.224	0.109	0.030	1	0.2	98	218	25.7625	2.7796	12.0233	30.8361	18.8128	9.2685
sub-20572	ses-2	Slab	rh	region00219	149	100	164	2.040	0.458	0.125	0.026	1	0.2	99	219	27.5738	2.7110	20.0982	34.8663	14.7681	10.1711
sub-20572	ses-2	Slab	rh	region00225	229	167	301	1.787	0.656	0.151	0.033	4	0.3	100	225	18.7688	7.4977	2.9763	33.1223	30.1460	2.5033
sub-20572	ses-2	Slab	rh	region00226	5	3	3	1.761	0.124	0.099	0.007	0	0.0	101	226	21.7089	0.8616	20.5142	22.6132	2.0990	25.1957
sub-20572	ses-2	Slab	rh	region00228	89	58	209	2.784	0.285	0.130	0.028	1	0.1	102	228	22.4251	5.7858	12.0043	33.9846	21.9802	3.8759
sub-20572	ses-2	Slab	rh	region00229	29	19	41	2.449	0.293	0.136	0.021	0	0.0	103	229	23.1842	4.7802	14.8301	29.7143	14.8842	4.8501
sub-20572	ses-2	Slab	rh	region00236	125	86	274	2.656	0.342	0.151	0.036	3	0.2	104	236	19.2593	7.8329	4.0049	35.3113	31.3064	2.4588
sub-20572	ses-2	Slab	rh	region00237	111	74	150	2.169	0.399	0.075	0.011	0	0.0	105	237	23.3228	3.8736	6.8913	32.6530	25.7617	6.0210
sub-20572	ses-2	Slab	rh	region00238	92	64	101	2.187	0.335	0.087	0.005	0	0.0	106	238	23.2289	2.0428	16.7705	30.1563	13.3858	11.3710
sub-20572	ses-2	Slab	rh	region00239	191	121	211	2.647	0.265	0.102	0.020	1	0.1	107	239	31.4683	2.8978	15.9119	37.7548	21.8429	10.8592
sub-20572	ses-2	Slab	rh	region00240	154	104	273	2.608	0.300	0.090	0.028	1	0.1	108	240	29.9124	5.0777	15.0190	37.8417	22.8227	5.8910
sub-20572	ses-2	Slab	rh	region00246	271	184	407	2.389	0.332	0.094	0.016	2	0.2	109	246	25.6270	8.7958	-23.3226	38.8359	62.1585	2.9135
sub-20572	ses-2	Slab	rh	region00247	51	32	36	1.741	0.243	0.122	0.031	0	0.1	110	247	12.2182	17.4880	-58.6786	27.3730	86.0515	0.6987
sub-20572	ses-2	Slab	rh	region00249	7	4	11	2.432	0.031	0.031	0.005	0	0.0	111	249	27.9799	2.8062	23.0987	31.8113	8.7126	9.9707
sub-20572	ses-2	Slab	rh	region00250	102	75	259	2.831	0.187	0.122	0.021	2	0.1	112	250	28.6097	6.1353	15.2113	39.4238	24.2125	4.6631
sub-20572	ses-2	Slab	rh	region00254	70	40	76	2.733	0.192	0.135	0.033	1	0.1	113	254	33.6443	3.9970	16.0201	38.5343	22.5141	8.4174
sub-20572	ses-2	Slab	rh	region00255	168	118	333	3.033	0.352	0.104	0.023	1	0.1	114	255	30.9424	5.1891	13.7783	40.7852	27.0069	5.9630
sub-20572	ses-2	Slab	rh	region00256	128	97	291	2.845	0.263	0.125	0.023	2	0.1	115	256	29.9985	8.9372	-2.5711	41.3732	43.9443	3.3566
sub-20572	ses-2	Slab	rh	region00260	62	37	60	2.659	0.203	0.108	0.015	0	0.1	116	260	30.5825	4.2485	23.0761	39.1423	16.0663	7.1984
sub-20572	ses-2	Slab	rh	region00261	153	102	271	3.195	0.269	0.085	0.008	1	0.1	117	261	35.1578	2.7350	26.4316	41.2687	14.8372	12.8547
sub-20572	ses-2	Slab	rh	region00262	123	85	339	3.213	0.205	0.103	0.018	1	0.1	118	262	30.1649	5.7578	17.9645	40.4553	22.4908	5.2389
sub-20572	ses-2	Slab	rh	region00266	131	80	273	3.598	0.699	0.053	0.007	0	0.0	119	266	23.2547	5.6483	7.7290	35.9117	28.1827	4.1171
sub-20572	ses-2	Slab	rh	region00267	68	48	101	2.828	0.244	0.125	0.018	1	0.1	120	267	26.7520	5.3326	11.6142	33.3041	21.6899	5.0167
sub-20572	ses-2	Slab	rh	region00268	141	84	362	3.115	0.468	0.098	0.015	1	0.1	121	268	25.0351	4.6071	14.3221	33.2968	18.9747	5.4340
sub-20572	ses-2	Slab	rh	region00272	152	108	424	3.285	0.336	0.135	0.027	3	0.2	122	272	19.9660	5.4655	6.5652	32.6197	26.0545	3.6531
sub-20572	ses-2	Slab	rh	region00273	134	96	297	2.895	0.280	0.123	0.020	2	0.1	123	273	24.5190	9.3645	4.4553	40.1029	35.6476	2.6183
sub-20572	ses-2	Slab	rh	region00274	64	34	152	3.104	0.184	0.138	0.019	1	0.0	124	274	23.1994	3.1639	16.8074	31.7415	14.9341	7.3326
sub-20572	ses-2	Slab	rh	region00277	134	84	304	3.455	0.341	0.100	0.017	1	0.1	125	277	31.3559	5.7247	16.1323	43.8890	27.7566	5.4773
sub-20572	ses-2	Slab	rh	region00278	142	102	432	3.153	0.299	0.128	0.019	3	0.1	126	278	26.5503	6.2578	9.6910	38.0114	28.3204	4.2427
sub-20572	ses-2	Slab	rh	region00282	88	55	128	3.099	0.256	0.093	0.019	0	0.1	127	282	34.0754	3.0542	26.8003	40.5668	13.7666	11.1569
sub-20572	ses-2	Slab	rh	region00283	44	25	115	3.309	0.335	0.150	0.026	1	0.1	128	283	21.5652	5.9530	5.9573	32.1404	26.1831	3.6226
sub-20572	ses-2	Slab	rh	region00284	32	20	39	2.306	0.374	0.090	0.006	0	0.0	129	284	34.3479	7.0047	10.5063	40.2109	29.7047	4.9036
sub-20572	ses-2	Slab	rh	region00289	88	79	309	3.125	0.226	0.128	0.041	2	0.1	130	289	24.3049	7.0373	7.0287	32.8110	25.7823	3.4537
sub-20572	ses-2	Slab	rh	region00291	33	21	33	2.258	0.124	0.096	0.006	0	0.0	131	291	37.5638	2.4332	34.1590	42.0084	7.8494	15.4378
sub-20572	ses-2	Slab	rh	region00292	200	145	542	2.749	0.357	0.144	0.031	4	0.2	132	292	28.0733	7.9046	6.8557	42.4926	35.6369	3.5515
sub-20572	ses-2	Slab	rh	region00298	73	54	162	2.998	0.310	0.115	0.015	0	0.1	133	298	36.5859	4.4931	20.6885	45.0459	24.3574	8.1427
sub-20572	ses-2	Slab	rh	region00299	1	1	2	2.521	0.000	0.151	0.014	0	0.0	134	299	37.2299	0.0000	37.2299	37.2299	0.0000	inf
sub-20572	ses-2	Slab	rh	region00300	15	10	14	2.118	0.117	0.138	0.023	0	0.0	135	300	35.4732	2.2547	30.5426	39.3857	8.8430	15.7331
sub-20572	ses-2	Slab	rh	region00301	367	242	476	2.091	0.291	0.105	0.020	2	0.3	136	301	32.3793	8.2908	-18.5104	41.8758	60.3862	3.9055
sub-20572	ses-2	Slab	rh	region00307	137	95	274	2.527	0.423	0.127	0.031	3	0.1	137	307	33.8687	8.7433	3.5362	45.1527	41.6165	3.8737
sub-20572	ses-2	Slab	rh	region00308	14	12	56	2.841	0.136	0.104	0.034	0	0.0	138	308	32.9206	11.1864	1.9449	42.5278	40.5828	2.9429
sub-20572	ses-2	Slab	rh	region00309	42	27	71	2.208	0.366	0.184	0.055	1	0.2	139	309	26.1259	5.0150	17.2272	38.2175	20.9903	5.2095
sub-20572	ses-2	Slab	rh	region00310	43	32	104	2.573	0.287	0.057	0.015	0	0.0	140	310	22.0278	10.4878	-6.5454	40.6660	47.2114	2.1003
sub-20572	ses-2	Slab	rh	region00317	76	40	95	1.917	0.253	0.109	0.020	1	0.1	141	317	15.3600	4.2425	1.2744	26.9844	25.7100	3.6205
sub-20572	ses-2	Slab	rh	region00318	241	155	320	2.210	0.490	0.163	0.025	5	0.3	142	318	24.7930	7.2377	9.8073	40.2011	30.3938	3.4255
sub-20572	ses-2	Slab	rh	region00319	42	27	58	1.787	0.266	0.147	0.024	1	0.0	143	319	17.6300	4.1644	11.7343	26.1832	14.4489	4.2335
sub-20572	ses-2	Slab	rh	region00324	186	124	336	2.253	0.565	0.147	0.029	3	0.3	144	324	21.1032	4.8335	7.6696	31.7951	24.1255	4.3661
sub-20572	ses-2	Slab	rh	region00326	136	95	242	2.372	0.220	0.079	0.014	1	0.1	145	326	24.1685	4.8301	9.2832	33.7954	24.5122	5.0037
sub-20572	ses-2	Slab	rh	region00327	53	31	84	2.428	0.247	0.156	0.065	2	0.1	146	327	19.3162	5.0087	12.4708	29.8228	17.3520	3.8565
sub-20572	ses-2	Slab	rh	region00332	158	113	199	1.608	0.349	0.163	0.036	3	0.3	147	332	13.5806	5.9137	2.6584	24.9379	22.2795	2.2965
sub-20572	ses-2	Slab	rh	region00333	132	88	140	1.959	0.307	0.158	0.041	2	0.2	148	333	19.6819	7.0241	5.0975	32.1298	27.0323	2.8021
sub-20572	ses-2	Slab	rh	region00334	158	115	213	2.158	0.279	0.116	0.015	1	0.1	149	334	31.0569	2.5916	20.3570	38.9452	18.5882	11.9837
sub-20572	ses-2	Slab	rh	region00335	67	39	164	2.667	0.251	0.120	0.019	1	0.1	150	335	21.0809	3.4172	14.3858	27.8042	13.4184	6.1690
sub-20572	ses-2	Slab	rh	region00341	87	62	168	2.317	0.962	0.125	0.031	1	0.1	151	341	20.2620	8.7284	3.4619	32.6589	29.1969	2.3214
sub-20572	ses-2	Slab	rh	region00342	145	107	269	2.198	0.544	0.130	0.021	2	0.1	152	342	17.5577	7.3183	-5.8255	34.5110	40.3365	2.3992
sub-20572	ses-2	Slab	rh	region00344	189	134	271	2.370	0.279	0.112	0.025	1	0.2	153	344	26.1117	7.5219	4.8400	37.3400	32.5000	3.4714
sub-20572	ses-2	Slab	rh	region00345	9	6	19	2.600	0.081	0.011	0.002	0	0.0	154	345	31.5828	1.8119	29.6427	34.7751	5.1324	17.4303
sub-20572	ses-2	Slab	rh	region00352	125	88	329	2.732	0.516	0.107	0.017	2	0.1	155	352	20.5197	7.6748	5.5183	32.8278	27.3094	2.6737
sub-20572	ses-2	Slab	rh	region00354	291	197	770	3.295	0.419	0.110	0.021	3	0.2	156	354	31.4648	6.8945	7.2222	42.8248	35.6026	4.5637
sub-20572	ses-2	Slab	rh	region00355	3	2	9	3.119	0.023	0.050	0.013	0	0.0	157	355	24.1339	2.7143	21.0054	25.8623	4.8569	8.8912
sub-20572	ses-2	Slab	rh	region00360	13	9	16	2.956	0.219	0.196	0.035	0	0.0	158	360	30.9271	1.2641	28.1564	32.5048	4.3483	24.4666
sub-20572	ses-2	Slab	rh	region00361	172	116	335	2.949	0.391	0.110	0.013	1	0.1	159	361	31.3818	5.2095	15.8696	41.6027	25.7331	6.0239
sub-20572	ses-2	Slab	rh	region00362	154	107	358	3.060	0.333	0.124	0.020	2	0.1	160	362	26.3190	6.9050	7.0294	38.6584	31.6290	3.8116
sub-20572	ses-2	Slab	rh	region00367	62	43	79	2.930	0.200	0.094	0.011	0	0.0	161	367	28.5210	1.8133	25.3075	32.2328	6.9253	15.7289
sub-20572	ses-2	Slab	rh	region00368	93	60	167	2.661	0.219	0.139	0.017	2	0.1	162	368	20.8669	3.8609	11.5779	30.8403	19.2624	5.4046
sub-20572	ses-2	Slab	rh	region00369	140	88	216	2.870	0.315	0.122	0.015	2	0.1	163	369	30.7791	5.6725	18.9694	41.9018	22.9324	5.4260
sub-20572	ses-2	Slab	rh	region00370	134	95	241	2.835	0.166	0.099	0.011	1	0.1	164	370	33.5849	3.3927	18.4344	38.7207	20.2862	9.8992
sub-20572	ses-2	Slab	rh	region00374	124	90	305	2.982	0.375	0.110	0.021	2	0.1	165	374	23.8180	5.0010	11.7357	34.8567	23.1210	4.7627
sub-20572	ses-2	Slab	rh	region00375	193	139	352	2.450	0.224	0.129	0.017	3	0.2	166	375	29.4290	6.9952	12.2340	39.6789	27.4449	4.2070
sub-20572	ses-2	Slab	rh	region00376	86	62	241	2.966	0.234	0.142	0.026	1	0.1	167	376	25.6336	6.7946	9.5141	42.3609	32.8468	3.7727
sub-20572	ses-2	Slab	rh	region00380	200	134	312	2.775	0.215	0.091	0.015	1	0.2	168	380	32.3995	5.4463	6.8145	39.0406	32.2261	5.9489
sub-20572	ses-2	Slab	rh	region00381	39	24	83	2.744	0.356	0.103	0.038	1	0.0	169	381	26.5784	5.5962	16.2448	35.3881	19.1433	4.7494
sub-20572	ses-2	Slab	rh	region00382	131	98	221	2.441	0.215	0.122	0.017	1	0.1	170	382	29.6533	5.0476	15.6028	35.8993	20.2965	5.8747
sub-20572	ses-2	Slab	rh	region00387	15	10	19	2.698	0.094	0.068	0.040	0	0.0	171	387	30.2533	2.2860	25.4575	34.5658	9.1083	13.2339
sub-20572	ses-2	Slab	rh	region00388	13	9	21	2.866	0.255	0.123	0.013	0	0.0	172	388	37.0734	2.1433	32.0335	41.5775	9.5441	17.2974
sub-20572	ses-2	Slab	rh	region00389	175	111	339	2.851	0.361	0.107	0.018	2	0.1	173	389	32.0438	6.3213	15.5300	41.6579	26.1280	5.0692
sub-20572	ses-2	Slab	rh	region00395	61	41	61	1.975	0.522	0.171	0.021	1	0.1	174	395	30.5462	11.9824	-14.1940	46.9379	61.1319	2.5493
sub-20572	ses-2	Slab	rh	region00396	24	15	23	2.300	0.168	0.128	0.014	0	0.0	175	396	35.5347	1.9280	32.8133	39.7130	6.8997	18.4309
sub-20572	ses-2	Slab	rh	region00397	3	2	6	3.367	0.034	0.102	0.023	0	0.0	176	397	34.3556	1.3737	33.2218	35.8833	2.6614	25.0092
sub-20572	ses-2	Slab	rh	region00398	115	88	314	3.007	0.373	0.112	0.031	2	0.1	177	398	30.4971	6.6398	15.6486	39.8824	24.2338	4.5931
sub-20572	ses-2	Slab	rh	region00403	109	86	324	3.298	0.624	0.123	0.020	1	0.1	178	403	30.0110	5.6297	16.3575	41.4331	25.0756	5.3308
sub-20572	ses-2	Slab	rh	region00405	334	208	366	2.281	0.197	0.092	0.016	2	0.2	179	405	35.7940	3.4298	11.6246	42.6356	31.0110	10.4361
sub-20572	ses-2	Slab	rh	region00406	79	58	185	2.574	0.306	0.114	0.012	1	0.0	180	406	31.8045	6.2302	10.8586	43.3852	32.5267	5.1049
sub-20572	ses-2	Slab	rh	region00412	76	53	139	2.676	0.406	0.075	0.008	0	0.0	181	412	37.1741	3.2670	25.3509	43.7540	18.4031	11.3788
sub-20572	ses-2	Slab	rh	region00413	1	1	2	2.487	0.000	0.111	0.068	0	0.0	182	413	19.8479	0.0000	19.8479	19.8479	0.0000	inf
sub-20572	ses-2	Slab	rh	region00414	172	123	293	2.287	0.496	0.134	0.025	2	0.2	183	414	31.5793	5.0338	10.8820	40.6310	29.7490	6.2734
sub-20572	ses-2	Slab	rh	region00415	209	143	313	2.116	0.234	0.087	0.008	1	0.1	184	415	26.7026	9.7993	1.1326	39.5522	38.4196	2.7249
sub-20572	ses-2	Slab	rh	region00420	150	110	314	2.506	0.548	0.109	0.016	1	0.1	185	420	34.7254	4.8149	20.8613	46.0738	25.2125	7.2120
sub-20572	ses-2	Slab	rh	region00421	55	35	76	2.496	0.171	0.123	0.030	1	0.0	186	421	34.4391	5.3095	21.4838	43.4455	21.9617	6.4863
sub-20572	ses-2	Slab	rh	region00422	79	57	184	2.525	0.318	0.088	0.015	1	0.0	187	422	26.2265	6.8867	4.1610	36.2243	32.0633	3.8083
sub-20572	ses-2	Slab	rh	region00423	1	0	4	3.056	0.000	0.451	0.013	0	0.0	188	423	27.1699	0.0000	27.1699	27.1699	0.0000	inf
sub-20572	ses-2	Slab	rh	region00426	2	2	8	3.247	0.183	0.093	0.040	0	0.0	189	426	24.8363	6.3313	20.3594	29.3132	8.9538	3.9228
sub-20572	ses-2	Slab	rh	region00438	173	120	171	1.759	0.319	0.154	0.031	2	0.3	190	438	26.6675	5.2305	14.2139	35.6725	21.4585	5.0985
sub-20572	ses-2	Slab	rh	region00439	132	93	166	1.908	0.258	0.115	0.017	1	0.0	191	439	24.9918	4.4030	10.6387	31.1316	20.4929	5.6761
sub-20572	ses-2	Slab	rh	region00440	83	46	146	2.507	0.179	0.078	0.011	1	0.0	192	440	22.1812	1.9899	18.0180	27.9960	9.9779	11.1468
sub-20572	ses-2	Slab	rh	region00441	70	34	160	2.885	0.238	0.153	0.032	2	0.1	193	441	23.2425	3.3055	14.7012	30.2154	15.5142	7.0315
sub-20572	ses-2	Slab	rh	region00447	137	90	215	1.997	0.273	0.131	0.031	2	0.1	194	447	19.2541	5.1798	6.3304	29.4964	23.1660	3.7171
sub-20572	ses-2	Slab	rh	region00448	193	123	257	2.164	0.427	0.132	0.022	2	0.2	195	448	24.4718	4.6881	12.5152	32.9871	20.4719	5.2199
sub-20572	ses-2	Slab	rh	region00449	170	100	221	2.275	0.226	0.080	0.010	1	0.1	196	449	27.9044	2.7727	21.0927	34.8881	13.7954	10.0640
sub-20572	ses-2	Slab	rh	region00450	81	57	223	3.587	0.499	0.120	0.026	1	0.0	197	450	28.9384	6.6792	11.1786	41.0570	29.8784	4.3326
sub-20572	ses-2	Slab	rh	region00457	94	61	228	2.941	0.228	0.112	0.016	1	0.1	198	457	24.7294	6.0429	12.5457	37.6489	25.1032	4.0923
sub-20572	ses-2	Slab	rh	region00458	173	115	269	2.878	0.263	0.115	0.021	2	0.1	199	458	28.7185	6.6204	3.9133	37.5308	33.6175	4.3379
sub-20572	ses-2	Slab	rh	region00459	78	48	71	2.160	0.224	0.112	0.015	0	0.1	200	459	33.7188	1.4070	30.6848	36.5524	5.8675	23.9652
sub-20572	ses-2	Slab	rh	region00460	231	156	559	3.025	0.556	0.126	0.028	3	0.2	201	460	29.4294	7.9199	7.2911	40.8771	33.5860	3.7159
sub-20572	ses-2	Slab	rh	region00467	126	88	283	3.085	0.312	0.111	0.015	1	0.1	202	467	31.6276	4.2551	17.7637	37.9401	20.1764	7.4328
sub-20572	ses-2	Slab	rh	region00469	287	183	395	2.503	0.166	0.069	0.010	1	0.1	203	469	34.5532	3.2569	19.0123	43.8912	24.8789	10.6091
sub-20572	ses-2	Slab	rh	region00475	167	114	266	2.086	0.797	0.091	0.011	1	0.1	204	475	25.7334	4.7874	10.8466	38.5085	27.6619	5.3752
sub-20572	ses-2	Slab	rh	region00477	5	3	5	2.619	0.200	0.066	0.020	0	0.0	205	477	29.8520	3.0037	26.8545	33.5574	6.7028	9.9385
sub-20572	ses-2	Slab	rh	region00478	74	45	95	2.553	0.137	0.046	0.005	0	0.0	206	478	33.9427	2.6447	28.1408	38.7547	10.6140	12.8341
sub-20572	ses-2	Slab	rh	region00479	119	81	366	3.187	0.287	0.120	0.022	4	0.1	207	479	23.5029	8.2591	3.9079	44.5125	40.6046	2.8457
sub-20572	ses-2	Slab	rh	region00485	125	80	107	1.454	0.469	0.092	0.008	1	0.1	208	485	26.8031	7.4555	0.0000	37.6949	37.6949	3.5951
sub-20572	ses-2	Slab	rh	region00487	5	3	9	2.647	0.120	0.115	0.017	0	0.0	209	487	23.3660	5.6565	15.8842	29.8437	13.9595	4.1308
sub-20572	ses-2	Slab	rh	region00488	133	88	307	3.009	0.245	0.110	0.013	1	0.1	210	488	28.3650	5.0893	13.4678	36.9718	23.5040	5.5734
sub-20572	ses-2	Slab	rh	region00489	30	21	74	2.604	0.232	0.140	0.053	1	0.0	211	489	19.9341	7.6416	4.8834	34.0726	29.1892	2.6086
sub-20572	ses-2	Slab	rh	region00494	92	57	80	1.578	0.318	0.074	0.007	0	0.0	212	494	31.4409	3.5414	23.1998	39.0882	15.8884	8.8782
sub-20572	ses-2	Slab	rh	region00496	2	1	2	1.716	0.064	0.082	0.014	0	0.0	213	496	21.0901	0.0916	21.0254	21.1549	0.1295	230.3451
sub-20572	ses-2	Slab	rh	region00497	169	116	387	3.177	0.553	0.140	0.020	2	0.1	214	497	33.0268	5.2360	18.5257	42.7939	24.2682	6.3077
sub-20572	ses-2	Slab	rh	region00502	76	43	58	1.635	0.276	0.052	0.004	0	0.0	215	502	38.9857	3.3011	32.9411	47.0014	14.0603	11.8099
sub-20572	ses-2	Slab	rh	region00504	111	72	164	2.503	0.290	0.114	0.028	1	0.1	216	504	26.0755	2.8118	19.7549	31.6577	11.9027	9.2737
sub-20572	ses-2	Slab	rh	region00505	89	49	124	2.109	0.459	0.144	0.022	1	0.1	217	505	21.2124	5.8537	13.0856	36.3748	23.2892	3.6238
sub-20572	ses-2	Slab	rh	region00511	140	92	118	1.564	0.250	0.141	0.014	2	0.1	218	511	33.8546	5.8480	9.6783	44.6026	34.9243	5.7891
sub-20572	ses-2	Slab	rh	region00513	156	98	178	2.494	0.211	0.071	0.007	0	0.1	219	513	34.7940	2.7375	29.5287	43.6795	14.1508	12.7101
sub-20572	ses-2	Slab	rh	region00514	70	48	169	2.730	0.162	0.063	0.008	0	0.0	220	514	31.4829	4.3451	18.0973	39.6520	21.5546	7.2457
sub-20572	ses-2	Slab	rh	region00519	77	69	242	3.021	0.861	0.149	0.023	1	0.1	221	519	26.9693	8.7295	7.9578	39.6026	31.6448	3.0895
sub-20572	ses-2	Slab	rh	region00521	293	206	690	2.671	0.268	0.125	0.020	4	0.3	222	521	30.2418	4.8371	15.2649	41.6818	26.4169	6.2520
sub-20572	ses-2	Slab	rh	region00522	53	34	82	2.536	0.090	0.022	0.001	0	0.0	223	522	36.6520	1.7556	31.6227	40.8056	9.1829	20.8766
sub-20572	ses-2	Slab	rh	region00528	100	81	235	2.882	0.429	0.089	0.018	1	0.0	224	528	29.5755	8.3702	5.7001	41.2977	35.5976	3.5334
sub-20572	ses-2	Slab	rh	region00530	185	133	412	2.605	0.296	0.122	0.023	3	0.1	225	530	29.3861	9.3322	0.8746	42.4274	41.5528	3.1489
sub-20572	ses-2	Slab	rh	region00531	166	113	408	2.686	0.258	0.099	0.021	2	0.1	226	531	29.1916	7.5366	7.1838	41.6921	34.5083	3.8733
sub-20572	ses-2	Slab	rh	region00537	125	88	275	2.856	0.410	0.086	0.016	1	0.1	227	537	37.4153	5.3087	18.9677	44.5648	25.5971	7.0480
sub-20572	ses-2	Slab	rh	region00539	205	144	349	2.405	0.397	0.091	0.014	1	0.2	228	539	36.0317	4.7664	18.9551	44.3875	25.4324	7.5594
sub-20572	ses-2	Slab	rh	region00540	129	88	436	3.198	0.358	0.150	0.043	3	0.2	229	540	28.1546	6.3155	10.6617	40.3533	29.6916	4.4580
sub-20572	ses-2	Slab	rh	region00544	117	99	453	3.739	0.384	0.158	0.033	1	0.1	230	544	35.8785	7.8087	17.1188	48.3403	31.2215	4.5947
sub-20572	ses-2	Slab	rh	region00545	156	113	326	2.867	0.535	0.135	0.026	3	0.2	231	545	36.3302	8.9115	10.7479	47.1627	36.4148	4.0768
sub-20572	ses-2	Slab	rh	region00554	85	52	166	2.215	0.278	0.170	0.033	2	0.1	232	554	19.2123	3.3683	10.0980	29.1792	19.0812	5.7038
sub-20572	ses-2	Slab	rh	region00555	129	90	183	1.996	0.247	0.145	0.028	2	0.1	233	555	24.9469	7.6145	10.5618	45.7681	35.2063	3.2763
sub-20572	ses-2	Slab	rh	region00556	38	23	71	2.409	0.200	0.103	0.013	1	0.0	234	556	23.3195	4.3056	17.3528	31.5599	14.2070	5.4160
sub-20572	ses-2	Slab	rh	region00563	73	48	149	2.705	0.198	0.071	0.015	1	0.0	235	563	25.8812	5.3241	15.2762	34.9163	19.6401	4.8611
sub-20572	ses-2	Slab	rh	region00564	132	81	181	2.341	0.214	0.071	0.008	1	0.0	236	564	26.1267	3.5832	18.1029	35.3623	17.2595	7.2915
sub-20572	ses-2	Slab	rh	region00565	128	77	186	2.222	0.187	0.061	0.006	0	0.0	237	565	28.3259	2.8216	20.8118	33.2153	12.4035	10.0391
sub-20572	ses-2	Slab	rh	region00566	142	102	318	2.555	0.406	0.132	0.048	3	0.1	238	566	23.7485	8.4810	0.9603	39.5346	38.5743	2.8002
sub-20572	ses-2	Slab	rh	region00573	202	141	387	3.138	0.766	0.140	0.033	2	0.3	239	573	31.1506	7.1765	-4.1722	41.4456	45.6178	4.3406
sub-20572	ses-2	Slab	rh	region00574	3	2	4	2.361	0.029	0.038	0.001	0	0.0	240	574	28.5155	1.4682	26.8213	29.4182	2.5969	19.4219
sub-20572	ses-2	Slab	rh	region00575	226	145	298	2.537	0.332	0.109	0.014	2	0.1	241	575	31.7839	3.0891	20.3410	38.1659	17.8249	10.2889
sub-20572	ses-2	Slab	rh	region00576	40	23	40	2.272	0.258	0.118	0.009	0	0.0	242	576	33.3160	1.9590	28.7838	37.3157	8.5319	17.0067
sub-20572	ses-2	Slab	rh	region00577	101	67	207	2.830	0.471	0.076	0.018	0	0.1	243	577	33.6464	5.2129	13.8929	41.7293	27.8364	6.4544
sub-20572	ses-2	Slab	rh	region00584	6	5	17	3.076	0.192	0.138	0.018	0	0.0	244	584	35.4012	2.0841	32.2371	37.6467	5.4096	16.9863
sub-20572	ses-2	Slab	rh	region00585	94	59	112	2.606	0.374	0.106	0.026	1	0.1	245	585	32.8106	2.6410	26.1650	39.2078	13.0428	12.4235
sub-20572	ses-2	Slab	rh	region00588	284	197	577	2.602	0.259	0.100	0.012	3	0.2	246	588	28.7892	7.6389	8.5683	45.1510	36.5827	3.7688
sub-20572	ses-2	Slab	rh	region00596	211	152	473	2.933	0.451	0.144	0.028	3	0.2	247	596	31.5094	6.2986	13.7828	41.7149	27.9321	5.0026
sub-20572	ses-2	Slab	rh	region00597	13	8	11	2.218	0.149	0.146	0.011	0	0.0	248	597	34.9881	1.5489	32.8146	38.0171	5.2025	22.5891
sub-20572	ses-2	Slab	rh	region00599	133	82	147	2.213	0.347	0.084	0.013	0	0.1	249	599	34.3382	3.0610	26.0136	40.0356	14.0219	11.2182
sub-20572	ses-2	Slab	rh	region00600	59	38	90	2.403	0.368	0.056	0.011	0	0.0	250	600	36.0326	2.0732	29.6100	40.2344	10.6244	17.3802
sub-20572	ses-2	Slab	rh	region00601	67	50	172	2.759	0.248	0.154	0.042	2	0.1	251	601	24.7399	9.7052	10.3744	39.7915	29.4171	2.5491
sub-20572	ses-2	Slab	rh	region00607	50	40	150	3.083	0.301	0.054	0.006	0	0.0	252	607	35.1655	4.4749	21.2296	43.4664	22.2367	7.8584
sub-20572	ses-2	Slab	rh	region00608	73	44	60	2.180	0.127	0.138	0.015	1	0.1	253	608	35.0220	2.2887	30.1312	39.4573	9.3261	15.3020
sub-20572	ses-2	Slab	rh	region00609	58	44	113	2.351	0.157	0.085	0.017	1	0.0	254	609	28.5993	7.1157	14.1724	37.7571	23.5847	4.0192
sub-20572	ses-2	Slab	rh	region00610	145	99	197	2.485	0.332	0.122	0.021	1	0.1	255	610	32.8072	3.6471	19.5244	39.2689	19.7445	8.9954
sub-20572	ses-2	Slab	rh	region00611	99	67	264	2.875	0.280	0.113	0.020	2	0.1	256	611	29.7208	7.1805	12.0016	41.1220	29.1204	4.1391
sub-20572	ses-2	Slab	rh	region00617	68	50	209	3.151	0.383	0.105	0.043	1	0.0	257	617	29.6838	7.3246	12.5909	41.3295	28.7386	4.0526
sub-20572	ses-2	Slab	rh	region00619	230	148	264	2.130	0.556	0.099	0.015	1	0.2	258	619	24.6215	3.8590	16.1140	33.6080	17.4940	6.3803
sub-20572	ses-2	Slab	rh	region00620	197	125	218	1.986	0.726	0.078	0.008	1	0.1	259	620	27.0639	6.5912	15.7900	42.7871	26.9970	4.1060
sub-20572	ses-2	Slab	rh	region00621	13	8	33	2.910	0.298	0.128	0.025	0	0.0	260	621	23.0226	2.8964	20.2722	30.1247	9.8524	7.9487
sub-20572	ses-2	Slab	rh	region00628	86	61	215	2.936	0.394	0.139	0.021	1	0.1	261	628	30.9274	6.3499	14.6811	42.6292	27.9481	4.8706
sub-20572	ses-2	Slab	rh	region00630	81	54	151	2.723	0.167	0.101	0.010	1	0.0	262	630	34.3950	4.5012	24.4684	43.9367	19.4682	7.6413
sub-20572	ses-2	Slab	rh	region00631	158	101	394	3.052	0.274	0.098	0.015	2	0.1	263	631	27.1259	4.5924	13.3773	38.5188	25.1415	5.9067
sub-20572	ses-2	Slab	rh	region00638	116	81	309	3.105	0.493	0.092	0.015	1	0.1	264	638	29.1735	9.0371	9.5208	42.0437	32.5229	3.2282
sub-20572	ses-2	Slab	rh	region00641	143	91	162	2.509	0.263	0.123	0.032	1	0.1	265	641	33.2114	5.3432	11.1027	39.9730	28.8703	6.2156
sub-20572	ses-2	Slab	rh	region00648	124	86	328	2.987	0.323	0.099	0.019	1	0.1	266	648	28.3174	7.7265	10.9536	40.7178	29.7642	3.6650
sub-20572	ses-2	Slab	rh	region00650	50	33	97	2.671	0.182	0.094	0.017	0	0.0	267	650	32.4913	4.5089	17.3336	41.5085	24.1749	7.2060
sub-20572	ses-2	Slab	rh	region00651	290	209	767	2.823	0.352	0.124	0.020	5	0.3	268	651	29.6640	4.9286	7.9869	46.5706	38.5837	6.0187
sub-20572	ses-2	Slab	rh	region00657	140	99	383	3.499	0.289	0.115	0.029	1	0.2	269	657	32.9903	6.7366	18.2268	44.7774	26.5505	4.8972
sub-20572	ses-2	Slab	rh	region00658	63	40	133	2.895	0.376	0.072	0.009	0	0.0	270	658	35.8857	4.6178	26.7181	43.0007	16.2827	7.7712
sub-20572	ses-2	Slab	rh	region00659	409	303	1104	2.876	0.400	0.124	0.020	6	0.4	271	659	31.8154	6.2629	10.4439	43.6839	33.2400	5.0799
sub-20572	ses-2	Slab	rh	region00660	5	4	10	2.993	0.051	0.029	0.031	0	0.0	272	660	40.0529	1.1727	38.2940	41.4782	3.1842	34.1535
sub-20572	ses-2	Slab	rh	region00665	106	75	313	3.605	0.388	0.116	0.016	1	0.1	273	665	32.9010	5.8279	21.0845	46.4100	25.3255	5.6454
sub-20572	ses-2	Slab	rh	region00666	231	176	663	3.356	0.533	0.138	0.035	4	0.3	274	666	32.9664	9.1826	2.5548	47.8603	45.3055	3.5901
sub-20572	ses-2	Slab	rh	region00667	17	10	15	2.680	0.166	0.159	0.024	0	0.0	275	667	39.5816	1.9383	35.9246	42.1165	6.1919	20.4212
sub-20572	ses-2	Slab	rh	region00671	41	32	137	3.216	0.209	0.184	0.041	1	0.1	276	671	30.3772	7.1314	19.9312	42.5799	22.6487	4.2597
sub-20572	ses-2	Slab	rh	region00683	106	65	260	2.802	0.280	0.123	0.026	1	0.1	277	683	24.8250	4.8538	7.9860	38.5400	30.5540	5.1145
sub-20572	ses-2	Slab	rh	region00684	297	211	493	2.229	0.291	0.112	0.018	3	0.2	278	684	25.9811	5.9574	10.2875	39.2518	28.9643	4.3611
sub-20572	ses-2	Slab	rh	region00692	205	145	408	2.648	0.441	0.144	0.031	3	0.3	279	692	30.5430	7.2031	13.9410	45.4217	31.4806	4.2403
sub-20572	ses-2	Slab	rh	region00694	425	286	782	2.286	0.408	0.120	0.022	5	0.5	280	694	25.0801	5.6014	11.3463	38.1265	26.7802	4.4775
sub-20572	ses-2	Slab	rh	region00695	123	97	346	2.740	0.374	0.117	0.019	2	0.1	281	695	23.0565	6.8451	6.9853	34.3917	27.4064	3.3683
sub-20572	ses-2	Slab	rh	region00702	152	129	447	2.836	0.221	0.136	0.023	2	0.2	282	702	26.4022	8.0779	7.5370	37.3003	29.7634	3.2685
sub-20572	ses-2	Slab	rh	region00704	174	116	214	2.229	0.374	0.114	0.017	1	0.1	283	704	32.1752	2.9237	21.0676	37.6336	16.5660	11.0051
sub-20572	ses-2	Slab	rh	region00705	82	57	117	2.138	0.283	0.096	0.011	0	0.1	284	705	30.5032	3.9911	17.2156	37.4928	20.2772	7.6428
sub-20572	ses-2	Slab	rh	region00706	106	76	249	2.372	0.405	0.142	0.031	2	0.2	285	706	22.3982	4.6598	10.7514	35.3617	24.6103	4.8067
sub-20572	ses-2	Slab	rh	region00713	44	23	72	2.485	0.483	0.130	0.030	1	0.1	286	713	25.5494	2.7963	17.3876	33.8179	16.4303	9.1370
sub-20572	ses-2	Slab	rh	region00714	87	53	90	2.215	0.216	0.086	0.009	0	0.0	287	714	30.9581	1.8514	26.9799	36.0786	9.0987	16.7212
sub-20572	ses-2	Slab	rh	region00715	122	85	173	1.919	0.376	0.086	0.019	1	0.0	288	715	24.0878	5.7250	10.5409	34.4318	23.8909	4.2074
sub-20572	ses-2	Slab	rh	region00716	8	11	24	1.887	0.136	0.074	0.005	0	0.0	289	716	24.0708	5.3531	16.8582	34.8666	18.0084	4.4966
sub-20572	ses-2	Slab	rh	region00717	241	195	685	2.960	0.546	0.132	0.024	4	0.3	290	717	27.4943	7.8654	6.8305	46.3837	39.5532	3.4956
sub-20572	ses-2	Slab	rh	region00725	153	86	395	3.152	0.236	0.108	0.018	1	0.1	291	725	22.8171	3.7959	7.3553	31.5641	24.2088	6.0111
sub-20572	ses-2	Slab	rh	region00727	117	78	103	1.882	0.418	0.139	0.033	1	0.2	292	727	23.5375	2.6031	15.6005	31.1609	15.5604	9.0420
sub-20572	ses-2	Slab	rh	region00728	117	78	126	1.766	0.409	0.094	0.012	1	0.1	293	728	26.2382	4.7741	15.6796	37.2173	21.5377	5.4959
sub-20572	ses-2	Slab	rh	region00729	98	72	206	2.733	0.825	0.115	0.021	1	0.1	294	729	30.9844	7.5482	17.0010	47.9308	30.9298	4.1049
sub-20572	ses-2	Slab	rh	region00730	2	2	12	3.433	0.052	0.206	0.057	0	0.0	295	730	22.6432	2.0026	21.2271	24.0592	2.8322	11.3066
sub-20572	ses-2	Slab	rh	region00736	85	55	116	2.929	0.246	0.063	0.019	0	0.0	296	736	30.2454	1.7339	26.9720	34.4829	7.5109	17.4436
sub-20572	ses-2	Slab	rh	region00738	45	30	53	2.526	0.199	0.096	0.008	0	0.0	297	738	32.6199	1.9511	27.8972	37.6706	9.7735	16.7188
sub-20572	ses-2	Slab	rh	region00739	159	96	225	2.591	0.365	0.060	0.005	1	0.0	298	739	22.3747	6.3996	5.1689	30.8119	25.6429	3.4963
sub-20572	ses-2	Slab	rh	region00740	179	112	298	2.044	0.399	0.109	0.019	2	0.2	299	740	22.1880	3.7417	10.3911	31.4554	21.0644	5.9299
sub-20572	ses-2	Slab	rh	region00746	119	77	204	2.870	0.342	0.098	0.020	1	0.1	300	746	32.3962	6.5336	19.0401	44.4387	25.3985	4.9584
sub-20572	ses-2	Slab	rh	region00748	138	91	242	2.716	0.185	0.101	0.019	1	0.1	301	748	29.9358	4.4076	19.7242	40.1291	20.4050	6.7919
sub-20572	ses-2	Slab	rh	region00749	274	182	388	2.347	0.288	0.075	0.009	1	0.1	302	749	32.1908	3.7486	19.2606	42.8534	23.5928	8.5875
sub-20572	ses-2	Slab	rh	region00750	96	71	279	2.958	0.269	0.140	0.029	2	0.1	303	750	24.3035	4.6603	15.4771	35.1509	19.6738	5.2150
sub-20572	ses-2	Slab	rh	region00756	155	103	365	2.806	0.187	0.114	0.019	2	0.2	304	756	30.3163	4.9176	18.2622	38.3778	20.1157	6.1648
sub-20572	ses-2	Slab	rh	region00758	123	80	245	2.772	0.287	0.069	0.008	0	0.0	305	758	33.3412	3.6887	16.1150	39.4022	23.2873	9.0388
sub-20572	ses-2	Slab	rh	region00759	151	101	290	2.942	0.308	0.094	0.012	1	0.1	306	759	34.5341	5.0100	24.2729	46.7226	22.4497	6.8930
sub-20572	ses-2	Slab	rh	region00765	133	85	278	3.317	0.437	0.116	0.027	1	0.1	307	765	32.4439	4.2575	21.8867	40.4147	18.5281	7.6204
sub-20572	ses-2	Slab	rh	region00766	16	11	53	3.399	0.299	0.116	0.032	0	0.0	308	766	27.0377	4.1351	21.1425	35.0920	13.9496	6.5385
sub-20572	ses-2	Slab	rh	region00767	122	93	360	2.979	0.212	0.118	0.016	2	0.1	309	767	30.1350	5.4749	18.7607	41.0160	22.2553	5.5042
sub-20572	ses-2	Slab	rh	region00768	73	55	125	2.563	0.381	0.080	0.006	0	0.0	310	768	34.3368	3.6034	27.3861	44.3374	16.9513	9.5289
sub-20572	ses-2	Slab	rh	region00773	117	76	317	3.287	0.315	0.099	0.017	1	0.1	311	773	30.3207	6.7695	1.7872	39.2819	37.4948	4.4790
sub-20572	ses-2	Slab	rh	region00774	191	135	404	2.905	0.588	0.136	0.028	2	0.2	312	774	33.3998	5.2470	15.8036	44.3539	28.5503	6.3655
sub-20572	ses-2	Slab	rh	region00779	73	46	232	3.373	0.185	0.146	0.018	1	0.1	313	779	29.9894	4.8466	21.1836	41.8481	20.6644	6.1877
sub-20572	ses-2	Slab	rh	region00791	30	26	56	2.165	0.363	0.125	0.011	0	0.0	314	791	27.6252	3.9432	17.6519	34.6581	17.0061	7.0058
sub-20572	ses-2	Slab	rh	region00792	260	178	454	2.346	0.280	0.087	0.014	2	0.1	315	792	33.4314	3.4956	23.4846	41.6195	18.1349	9.5639
sub-20572	ses-2	Slab	rh	region00793	20	13	17	1.717	0.091	0.100	0.015	0	0.0	316	793	26.7986	1.3307	24.5105	29.1410	4.6305	20.1390
sub-20572	ses-2	Slab	rh	region00800	134	112	409	2.662	0.464	0.142	0.034	2	0.2	317	800	22.8230	5.4874	8.3644	34.8574	26.4929	4.1592
sub-20572	ses-2	Slab	rh	region00801	103	64	182	2.278	0.445	0.121	0.016	2	0.1	318	801	24.0603	6.2859	10.0410	33.8862	23.8451	3.8277
sub-20572	ses-2	Slab	rh	region00802	135	101	319	2.459	0.257	0.141	0.023	2	0.2	319	802	28.7263	4.6230	13.9855	40.7023	26.7168	6.2138
sub-20572	ses-2	Slab	rh	region00803	20	15	36	2.242	0.180	0.079	0.007	0	0.0	320	803	27.1246	4.0484	20.1061	35.0349	14.9288	6.7001
sub-20572	ses-2	Slab	rh	region00810	121	77	233	2.502	0.248	0.095	0.015	1	0.1	321	810	24.2460	4.2600	11.9419	30.9108	18.9689	5.6916
sub-20572	ses-2	Slab	rh	region00811	59	37	50	1.856	0.290	0.121	0.024	0	0.1	322	811	30.7315	4.7995	22.2723	40.8426	18.5703	6.4031
sub-20572	ses-2	Slab	rh	region00812	190	125	273	1.854	0.430	0.089	0.016	1	0.2	323	812	22.9721	4.0047	9.7269	34.2799	24.5530	5.7364
sub-20572	ses-2	Slab	rh	region00813	43	31	60	1.920	0.239	0.066	0.006	0	0.0	324	813	26.5600	1.4335	23.3115	29.2235	5.9120	18.5285
sub-20572	ses-2	Slab	rh	region00820	138	88	252	3.057	0.375	0.108	0.012	1	0.1	325	820	24.3108	5.4804	17.0189	35.9594	18.9405	4.4360
sub-20572	ses-2	Slab	rh	region00821	90	60	106	2.213	0.283	0.066	0.006	0	0.0	326	821	25.3577	1.9503	19.4366	30.0210	10.5844	13.0020
sub-20572	ses-2	Slab	rh	region00822	121	64	170	2.448	0.780	0.054	0.007	0	0.0	327	822	19.1301	2.9924	12.4709	27.8111	15.3402	6.3929
sub-20572	ses-2	Slab	rh	region00823	135	79	188	1.933	0.449	0.096	0.014	2	0.1	328	823	18.6439	2.6552	11.1336	25.5763	14.4427	7.0216
sub-20572	ses-2	Slab	rh	region00824	10	9	29	2.738	0.064	0.049	0.010	0	0.0	329	824	28.9169	3.2790	22.8870	33.6317	10.7446	8.8187
sub-20572	ses-2	Slab	rh	region00830	133	82	213	2.605	0.408	0.061	0.006	0	0.0	330	830	28.3679	2.7073	23.2823	36.2077	12.9255	10.4781
sub-20572	ses-2	Slab	rh	region00831	27	16	35	2.733	0.333	0.122	0.036	0	0.0	331	831	36.7497	3.7404	27.5332	43.1820	15.6488	9.8251
sub-20572	ses-2	Slab	rh	region00832	168	118	240	2.443	0.324	0.107	0.012	1	0.1	332	832	30.2546	3.3192	23.8851	41.2063	17.3212	9.1149
sub-20572	ses-2	Slab	rh	region00833	86	48	224	3.220	0.206	0.100	0.018	1	0.0	333	833	20.5805	2.1632	15.1079	24.3653	9.2574	9.5141
sub-20572	ses-2	Slab	rh	region00839	157	105	418	3.079	0.470	0.101	0.016	2	0.1	334	839	27.9242	3.8999	19.0707	36.0931	17.0224	7.1602
sub-20572	ses-2	Slab	rh	region00842	20	15	54	2.791	0.204	0.048	0.003	0	0.0	335	842	27.1408	2.8131	21.4816	31.5360	10.0544	9.6481
sub-20572	ses-2	Slab	rh	region00847	96	69	280	3.390	0.315	0.083	0.013	0	0.1	336	847	30.7540	3.6087	21.5107	37.2093	15.6987	8.5223
sub-20572	ses-2	Slab	rh	region00848	81	55	173	2.829	0.331	0.114	0.026	1	0.1	337	848	30.7579	4.9645	20.4959	42.5991	22.1032	6.1956
sub-20572	ses-2	Slab	rh	region00849	11	7	29	2.951	0.123	0.078	0.018	0	0.0	338	849	20.9404	4.7447	14.0276	30.8082	16.7806	4.4135
sub-20572	ses-2	Slab	rh	region00850	3	3	13	3.501	0.134	0.117	0.012	0	0.0	339	850	30.3186	1.8852	28.8332	32.4394	3.6062	16.0825
sub-20572	ses-2	Slab	rh	region00854	77	55	268	3.357	0.320	0.119	0.014	1	0.0	340	854	24.9217	2.6760	18.5663	30.0530	11.4866	9.3130
sub-20572	ses-2	Slab	rh	region00855	48	31	118	3.182	0.216	0.143	0.040	1	0.0	341	855	29.6702	4.7293	21.7916	38.6158	16.8242	6.2737
sub-20572	ses-2	Slab	rh	region00859	4	2	10	3.338	0.055	0.249	0.034	0	0.0	342	859	26.8883	1.0619	25.4655	27.9552	2.4897	25.3208
sub-20572	ses-2	Slab	rh	region00869	12	7	29	2.680	0.208	0.147	0.087	0	0.0	343	869	19.6114	4.5440	12.0172	30.4275	18.4103	4.3159
sub-20572	ses-2	Slab	rh	region00870	73	53	183	2.525	0.292	0.146	0.020	1	0.1	344	870	25.3751	4.9050	10.4275	36.5126	26.0851	5.1733
sub-20572	ses-2	Slab	rh	region00876	152	99	288	2.429	0.519	0.121	0.043	2	0.2	345	876	22.0802	4.3816	12.6091	34.4218	21.8127	5.0394
sub-20572	ses-2	Slab	rh	region00877	130	92	161	1.830	0.286	0.094	0.012	1	0.1	346	877	25.5275	4.1912	15.5662	34.4153	18.8491	6.0907
sub-20572	ses-2	Slab	rh	region00884	118	63	251	2.841	0.148	0.092	0.017	1	0.1	347	884	18.7876	2.5124	14.4598	24.9896	10.5297	7.4780
sub-20572	ses-2	Slab	rh	region00885	94	59	177	2.345	0.588	0.103	0.017	1	0.1	348	885	19.8457	3.1714	13.5648	26.1251	12.5603	6.2578
sub-20572	ses-2	Slab	rh	region00886	26	16	33	1.735	0.713	0.138	0.026	0	0.0	349	886	16.7516	3.5388	10.8881	23.7686	12.8805	4.7336
sub-20572	ses-2	Slab	rh	region00891	114	57	262	3.038	0.269	0.111	0.016	1	0.0	350	891	22.6756	2.8401	16.0197	28.7438	12.7241	7.9841
sub-20572	ses-2	Slab	rh	region00892	104	66	138	2.298	0.285	0.079	0.008	0	0.1	351	892	24.0476	4.4740	17.8388	34.0088	16.1700	5.3750
sub-20572	ses-2	Slab	rh	region00893	38	21	107	3.141	0.133	0.112	0.023	0	0.0	352	893	19.4074	1.4876	15.9755	22.3146	6.3391	13.0463
sub-20572	ses-2	Slab	rh	region00897	36	23	107	3.221	0.379	0.121	0.031	0	0.0	353	897	28.6492	4.6654	20.1707	36.9542	16.7835	6.1408
sub-20572	ses-2	Slab	rh	region00898	47	30	118	3.122	0.171	0.114	0.026	1	0.0	354	898	27.5441	5.6347	18.6819	37.3119	18.6300	4.8883
